תאריך,שעה,סוג,בסיס,פקיעה,פתיחה%,נעילה,יומי%,מחזור,עסקאות,נקודות,אחוז
7.5.2026,10:06:21,W,"4,505.61","4,531.18",0.57%,"4,469.69",0.80%,198.1,"2,616",28.97,0.64%
6.5.2026,9:59:33,W,"4,525.69","4,560.15",0.76%,"4,505.61",0.44%,120.7,"2,462",33.1,0.73%
5.5.2026,9:59:21,W,"4,504.14","4,527.05",0.51%,"4,525.69",0.48%,158.1,"3,063",83.3,1.87%
4.5.2026,10:06:19,W,"4,425.03","4,443.75",0.42%,"4,504.14",1.79%,124.2,"3,377",42.44,0.96%
1.5.2026,9:59:02,W,"4,374.81","4,401.31",0.61%,"4,425.03",1.15%,124,"2,329",45.52,1.05%
30.4.2026,9:59:48,W,"4,372.32","4,355.79",0.38%,"4,374.81",0.06%,167.8,"2,506",13.68,0.32%
29.4.2026,9:59:47,W,"4,320.73","4,342.11",0.49%,"4,372.32",1.19%,87.3,"1,856",12.44,0.29%
28.4.2026,9:59:04,W,"4,348.17","4,354.55",0.15%,"4,320.73",0.63%,68.3,"2,163",0.43,0.01%
27.4.2026,9:59:15,W,"4,362.45","4,354.98",0.17%,"4,348.17",0.33%,125.4,"3,245",26.98,0.62%
24.4.2026,9:59:43,M,"4,419.65","4,381.96",0.85%,"4,362.45",1.29%,"1,361.70","4,674",1.65,0.04%
23.4.2026,9:59:11,W,"4,429.47","4,380.31",1.11%,"4,419.65",0.22%,177.7,"3,966",3.01,0.07%
20.4.2026,9:59:07,W,"4,406.32","4,377.30",0.66%,"4,429.47",0.53%,58,"2,441",1.44,0.03%
17.4.2026,9:59:45,W,"4,378.45","4,378.74",0.01%,"4,406.32",0.64%,131.9,"2,197",73.19,1.64%
16.4.2026,9:59:54,W,"4,428.64","4,451.93",0.53%,"4,378.45",1.13%,101.8,"2,561",0.95,0.02%
15.4.2026,9:59:00,W,"4,450.82","4,452.88",0.05%,"4,428.64",0.50%,93.2,"2,345",45.39,1.03%
14.4.2026,10:09:27,W,"4,382.71","4,407.49",0.57%,"4,450.82",1.55%,121.7,"3,144",6.09,0.14%
13.4.2026,9:59:06,W,"4,443.22","4,401.40",0.94%,"4,382.71",1.36%,116.1,"3,208",24.49,0.56%
10.4.2026,9:59:35,W,"4,360.40","4,376.91",0.38%,"4,443.22",1.90%,103.4,"2,578",50.22,1.16%
9.4.2026,9:59:00,W,"4,248.43","4,326.69",1.84%,"4,360.40",2.64%,172.7,"3,729",128.75,3.07%
6.4.2026,9:59:25,W,"4,189.31","4,197.94",0.21%,"4,248.43",1.41%,94.2,"2,225",11.24,0.27%
3.4.2026,10:05:21,W,"4,099.01","4,209.18",2.69%,"4,189.31",2.20%,157.1,"2,962",225.63,5.66%
31.3.2026,9:59:30,W,"4,022.57","3,983.55",0.97%,"4,099.01",1.90%,174.9,"2,671",97.79,2.40%
30.3.2026,,-,0,"4,081.34",0.00%,0,0.00%,0,0,81.45,1.96%
27.3.2026,9:59:53,M,"4,261.85","4,162.79",2.32%,"4,100.12",3.79%,"1,794.60","5,101",137.26,3.19%
26.3.2026,,-,0,"4,300.05",0.00%,0,0.00%,0,0,6.35,0.15%
25.3.2026,9:59:00,W,"4,267.51","4,293.70",0.61%,"4,309.11",0.97%,86.8,"1,866",36.69,0.86%
24.3.2026,9:59:12,W,"4,318.13","4,257.01",1.42%,"4,267.51",1.17%,170.9,"2,737",23.59,0.56%
23.3.2026,9:59:38,W,"4,313.86","4,233.42",1.86%,"4,318.13",0.10%,175.4,"4,210",107.37,2.47%
20.3.2026,9:59:40,W,"4,305.03","4,340.79",0.83%,"4,313.86",0.21%,204.6,"2,510",60.81,1.42%
19.3.2026,9:59:00,W,"4,295.11","4,279.98",0.35%,"4,305.03",0.23%,72.1,"2,095",21.59,0.51%
18.3.2026,9:59:44,W,"4,242.48","4,258.39",0.38%,"4,295.11",1.24%,154.1,"2,771",100.57,2.42%
17.3.2026,9:59:42,W,"4,177.04","4,157.82",0.46%,"4,242.48",1.57%,52.9,"2,305",29.77,0.71%
16.3.2026,9:59:41,W,"4,177.58","4,187.59",0.24%,"4,177.04",0.01%,72.2,"2,792",77.77,1.89%
13.3.2026,9:59:18,W,"4,146.17","4,109.82",0.88%,"4,177.58",0.76%,96.3,"2,351",77.74,1.86%
12.3.2026,,-,0,"4,187.56",0.00%,0,0.00%,0,0,46.22,1.12%
11.3.2026,9:59:33,W,"4,187.97","4,141.34",1.11%,"4,211.82",0.57%,118,"2,828",109.76,2.58%
10.3.2026,9:59:29,W,"4,227.02","4,251.10",0.57%,"4,187.97",0.92%,193.9,"3,677",28.98,0.68%
9.3.2026,10:06:56,W,"4,356.68","4,280.08",1.76%,"4,227.02",2.98%,249,"5,379",89.01,2.04%
6.3.2026,9:59:23,W,"4,355.91","4,369.09",0.30%,"4,356.68",0.02%,148.7,"2,505",73.82,1.72%
5.3.2026,9:59:18,W,"4,309.68","4,295.27",0.33%,"4,355.91",1.07%,147.1,"2,827",7.11,0.17%
4.3.2026,9:59:20,W,"4,318.50","4,288.16",0.70%,"4,309.68",0.20%,188.6,"3,983",54.48,1.29%
2.3.2026,10:05:50,W,"4,128.36","4,233.68",2.55%,"4,318.50",4.61%,246.9,"5,204",138.27,3.38%
27.2.2026,9:59:48,W,"4,101.60","4,095.41",0.15%,"4,128.36",0.65%,134.6,"2,445",100.45,2.39%
25.2.2026,9:59:51,W,"4,169.00","4,195.86",0.64%,"4,162.90",0.15%,152,"2,657",32.79,0.78%
23.2.2026,9:59:15,W,"4,232.11","4,228.65",0.08%,"4,243.47",0.27%,72.5,"2,481",10.88,0.26%
20.2.2026,9:59:39,M,"4,210.39","4,217.77",0.18%,"4,232.11",0.52%,"2,134.00","3,587",8.78,0.21%
18.2.2026,9:59:28,W,"4,196.30","4,208.99",0.30%,"4,232.65",0.87%,202.6,"2,757",13.42,0.32%
16.2.2026,9:59:06,W,"4,170.22","4,195.57",0.61%,"4,185.75",0.37%,130,"2,753",19.83,0.47%
13.2.2026,9:59:24,W,"4,190.56","4,175.74",0.35%,"4,170.22",0.49%,170,"2,846",7.34,0.18%
11.2.2026,9:59:08,W,"4,193.47","4,183.08",0.25%,"4,160.40",0.79%,198.2,"2,598",78.8,1.92%
9.2.2026,9:59:05,W,"4,051.87","4,104.28",1.29%,"4,119.77",1.68%,57.3,"2,573",58.03,1.43%
6.2.2026,9:59:41,W,"4,039.01","4,046.25",0.18%,"4,051.87",0.32%,176.5,"3,740",100.03,2.41%
4.2.2026,9:59:24,W,"4,119.81","4,146.28",0.64%,"4,120.51",0.02%,199.2,"2,648",174.18,4.39%
2.2.2026,10:06:00,W,"4,003.67","3,972.10",0.79%,"4,049.32",1.14%,134.1,"4,360",1.89,0.05%
30.1.2026,9:59:39,W,"3,978.87","3,973.99",0.12%,"4,003.67",0.62%,262.8,"3,010",60.49,1.50%
28.1.2026,9:59:09,W,"4,009.36","4,034.48",0.63%,"3,980.54",0.72%,127,"2,566",33.31,0.83%
26.1.2026,9:59:47,W,"3,986.63","4,001.17",0.36%,"4,005.65",0.48%,125,"2,985",37.94,0.96%
23.1.2026,9:59:58,M,"3,973.26","3,963.23",0.25%,"3,986.63",0.34%,"2,358.80","3,783",4.8,0.12%
21.1.2026,9:59:41,W,"3,948.41","3,958.43",0.25%,"3,932.19",0.41%,114.8,"2,202",20.77,0.53%
19.1.2026,9:59:36,W,"3,971.91","3,937.66",0.86%,"3,968.81",0.08%,119.7,"3,607",28.01,0.71%
16.1.2026,9:59:28,W,"3,963.43","3,965.67",0.06%,"3,971.91",0.21%,168,"2,517",88.34,2.28%
14.1.2026,9:59:06,W,"3,866.86","3,877.33",0.27%,"3,928.48",1.59%,100.8,"2,232",31.55,0.82%
12.1.2026,9:59:26,W,"3,857.77","3,845.78",0.31%,"3,884.13",0.68%,97.1,"2,901",11.46,0.30%
9.1.2026,9:59:20,W,"3,830.54","3,834.32",0.10%,"3,857.77",0.71%,106.1,"1,886",14.27,0.37%
7.1.2026,9:59:41,W,"3,845.39","3,848.59",0.08%,"3,845.78",0.01%,326.4,"2,432",93.54,2.49%
5.1.2026,10:07:20,W,"3,695.29","3,755.05",1.62%,"3,738.33",1.16%,91.6,"3,333",159.36,4.43%
1.1.2026,9:59:04,W,"3,631.55","3,595.69",0.99%,"3,695.29",1.76%,101.7,"2,003",33.29,0.92%
30.12.2025,9:59:29,W,"3,627.18","3,628.98",0.05%,"3,661.17",0.94%,117.8,"1,914",52.8,1.48%
28.12.2025,9:59:07,W,"3,603.38","3,576.18",0.75%,"3,618.80",0.43%,99.5,"2,212",129.5,3.49%
25.12.2025,9:59:45,M,"3,719.65","3,705.68",0.38%,"3,603.38",3.13%,"1,001.40","3,978",0.14,0.00%
23.12.2025,9:59:28,W,"3,708.78","3,705.82",0.08%,"3,711.25",0.07%,104.1,"2,544",35.04,0.95%
21.12.2025,9:59:07,W,"3,661.68","3,670.78",0.25%,"3,681.73",0.55%,73.5,"2,149",33.46,0.92%
18.12.2025,9:59:21,W,"3,635.08","3,637.32",0.06%,"3,661.68",0.73%,95,"2,319",62.45,1.75%
16.12.2025,10:06:04,W,"3,595.63","3,574.87",0.58%,"3,607.33",0.33%,93.2,"3,030",43.1,1.19%
14.12.2025,9:59:25,W,"3,631.85","3,617.97",0.38%,"3,614.20",0.49%,108.4,"2,631",22.11,0.61%
11.12.2025,9:59:37,W,"3,604.65","3,595.86",0.24%,"3,631.85",0.75%,111.1,"2,634",45.5,1.28%
9.12.2025,9:59:14,W,"3,548.50","3,550.36",0.05%,"3,569.04",0.58%,101.7,"1,980",40.69,1.16%
7.12.2025,9:59:30,W,"3,506.55","3,509.67",0.09%,"3,540.51",0.97%,123.2,"2,074",6.85,0.20%
4.12.2025,9:59:56,W,"3,467.16","3,502.82",1.03%,"3,506.55",1.14%,153.1,"2,183",62.79,1.83%
2.12.2025,9:59:24,W,"3,429.69","3,440.03",0.30%,"3,495.10",1.91%,99.7,"2,392",25.12,0.74%
30.11.2025,9:59:41,W,"3,390.77","3,414.91",0.71%,"3,425.82",1.03%,54.2,"1,547",38.99,1.15%
27.11.2025,10:02:59,M,"3,374.30","3,375.92",0.05%,"3,390.77",0.49%,875.2,"3,075",2.05,0.06%
25.11.2025,9:59:30,W,"3,371.41","3,377.97",0.19%,"3,344.86",0.79%,90.7,"1,720",47.89,1.44%
23.11.2025,10:06:16,W,"3,359.36","3,330.08",0.87%,"3,320.72",1.15%,83.1,"2,614",85.09,2.49%
20.11.2025,9:59:19,W,"3,395.10","3,415.17",0.59%,"3,359.36",1.05%,214.8,"2,919",1.46,0.04%
18.11.2025,10:06:16,W,"3,451.39","3,413.71",1.09%,"3,385.71",1.90%,161.9,"4,132",0.05,0.00%
16.11.2025,9:59:00,W,"3,434.29","3,413.76",0.60%,"3,447.17",0.38%,97.4,"2,033",22.21,0.65%
13.11.2025,9:59:39,W,"3,434.03","3,435.97",0.06%,"3,434.29",0.01%,208.2,"2,254",60.36,1.79%
11.11.2025,9:59:14,W,"3,372.40","3,375.61",0.10%,"3,389.21",0.50%,80.5,"2,066",39.06,1.17%
9.11.2025,9:59:01,W,"3,335.93","3,336.55",0.02%,"3,334.88",0.03%,72.1,"2,325",40.22,1.19%
6.11.2025,9:59:23,W,"3,350.98","3,376.77",0.77%,"3,335.93",0.45%,151.8,"3,343",67.6,2.04%
4.11.2025,9:59:35,W,"3,320.54","3,309.17",0.34%,"3,317.09",0.10%,196.3,"3,214",22.82,0.69%
2.11.2025,9:59:48,W,"3,273.43","3,286.35",0.39%,"3,288.20",0.45%,131.4,"2,199",37.57,1.16%
30.10.2025,9:59:13,M,"3,260.11","3,248.78",0.35%,"3,273.43",0.41%,"2,011.20","4,230",20.32,0.63%
28.10.2025,9:59:25,W,"3,236.46","3,228.46",0.25%,"3,206.35",0.93%,82.9,"2,014",4.69,0.15%
26.10.2025,9:59:31,W,"3,199.10","3,233.15",1.06%,"3,231.51",1.01%,75,"1,913",74.48,2.36%
23.10.2025,9:59:00,W,"3,178.97","3,158.67",0.64%,"3,199.10",0.63%,108.7,"2,072",53.95,1.68%
21.10.2025,9:59:17,W,"3,208.01","3,212.62",0.14%,"3,176.41",0.99%,90.2,"1,867",15.42,0.48%
19.10.2025,10:02:16,W,"3,210.91","3,197.20",0.43%,"3,174.18",1.14%,148.1,"2,356",35.45,1.10%
16.10.2025,9:59:27,W,"3,248.99","3,232.65",0.50%,"3,210.91",1.17%,69,"2,597",15.51,0.48%
12.10.2025,9:59:33,W,"3,276.85","3,217.14",1.82%,"3,232.40",1.36%,95.6,"3,063",20.77,0.64%
9.10.2025,9:59:19,W,"3,203.55","3,237.91",1.07%,"3,276.85",2.29%,139.8,"3,467",36.45,1.11%
5.10.2025,10:06:41,W,"3,199.82","3,274.36",2.33%,"3,210.22",0.33%,189.9,"3,916",134.29,4.28%
30.9.2025,9:59:18,W,"3,113.62","3,140.07",0.85%,"3,199.82",2.77%,309,"4,256",61.51,2.00%
28.9.2025,9:59:32,W,"3,034.83","3,078.56",1.44%,"3,116.75",2.70%,162.4,"2,676",48.79,1.61%
25.9.2025,10:05:56,M,"2,982.63","3,029.77",1.58%,"3,034.83",1.75%,977.3,"5,760",10.78,0.35%
21.9.2025,9:59:03,W,"3,030.36","3,040.55",0.34%,"2,982.63",1.58%,71.6,"1,794",40.69,1.36%
18.9.2025,9:59:51,W,"2,996.85","2,999.86",0.10%,"3,030.36",1.12%,108.3,"2,239",82.72,2.68%
9.9.2025,9:59:40,W,"3,079.29","3,082.58",0.11%,"3,133.78",1.77%,138.8,"2,056",3.78,0.12%
7.9.2025,9:59:26,W,"3,047.19","3,078.80",1.04%,"3,083.41",1.19%,71.4,"1,980",53.4,1.77%
4.9.2025,9:59:10,W,"3,019.45","3,025.40",0.20%,"3,047.19",0.92%,92,"2,394",15.27,0.50%
2.9.2025,9:59:07,W,"3,038.65","3,040.67",0.07%,"2,997.30",1.36%,51.8,"1,792",24.97,0.81%
31.8.2025,9:59:32,W,"3,071.96","3,065.64",0.21%,"3,054.75",0.56%,142.4,"2,420",18.23,0.59%
28.8.2025,9:59:05,M,"3,074.30","3,083.87",0.31%,"3,071.96",0.08%,"2,219.70","4,141",39.16,1.29%
26.8.2025,9:59:12,W,"3,048.08","3,044.71",0.11%,"3,066.34",0.60%,99.1,"2,459",10.34,0.34%
24.8.2025,9:59:30,W,"2,998.57","3,034.37",1.19%,"3,038.79",1.34%,108.3,"2,283",56.44,1.90%
21.8.2025,9:59:52,W,"2,975.39","2,977.93",0.09%,"2,998.57",0.78%,52.7,"2,050",23.9,0.80%
19.8.2025,9:59:25,W,"2,986.60","3,001.83",0.51%,"3,003.79",0.58%,57.1,"1,736",33.88,1.14%
17.8.2025,9:59:46,W,"2,967.07","2,967.95",0.03%,"2,989.73",0.76%,95.2,"2,301",16.84,0.57%
14.8.2025,9:59:26,W,"2,949.44","2,951.11",0.06%,"2,967.07",0.60%,103.6,"2,170",10.43,0.35%
12.8.2025,9:59:44,W,"2,946.49","2,940.68",0.20%,"2,898.78",1.62%,142.4,"2,487",6.19,0.21%
10.8.2025,9:59:48,W,"2,930.04","2,934.49",0.15%,"2,971.69",1.42%,79.5,"1,758",2.19,0.07%
7.8.2025,9:59:54,W,"2,926.99","2,932.30",0.18%,"2,930.04",0.10%,254.3,"3,021",57.45,1.92%
5.8.2025,9:59:18,W,"2,990.24","2,989.75",0.02%,"2,945.40",1.50%,103.8,"2,710",43,1.42%
31.7.2025,9:59:13,W,"3,024.71","3,032.75",0.27%,"3,009.94",0.49%,77.3,"1,941",5.02,0.17%
29.7.2025,9:59:02,W,"3,035.24","3,027.73",0.25%,"3,037.04",0.06%,110.2,"2,006",6.15,0.20%
27.7.2025,9:59:16,W,"3,035.93","3,033.88",0.07%,"3,010.64",0.83%,210.7,"1,926",3.08,0.10%
24.7.2025,9:59:24,M,"3,071.45","3,030.80",1.32%,"3,035.93",1.16%,"2,917.30","5,994",0.11,0.00%
22.7.2025,9:59:57,W,"3,037.08","3,030.69",0.21%,"3,038.25",0.04%,129.7,"1,981",8.81,0.29%
20.7.2025,9:59:57,W,"3,007.22","3,021.88",0.49%,"3,003.13",0.14%,77.4,"1,754",20.56,0.69%
17.7.2025,9:59:55,W,"2,986.29","3,001.32",0.50%,"3,007.22",0.70%,144.1,"2,518",25.39,0.85%
15.7.2025,9:59:39,W,"2,984.60","2,975.93",0.29%,"2,997.12",0.42%,181.6,"2,586",37.63,1.25%
13.7.2025,9:59:32,W,"3,056.80","3,013.56",1.41%,"2,985.53",2.33%,131.7,"2,362",43.65,1.43%
10.7.2025,9:59:26,W,"3,064.30","3,057.21",0.23%,"3,056.80",0.24%,222.3,"2,693",41.06,1.36%
8.7.2025,9:59:50,W,"3,028.22","3,016.15",0.40%,"3,016.50",0.39%,213.8,"3,245",39.16,1.28%
6.7.2025,9:59:00,W,"3,033.71","3,055.31",0.71%,"3,041.27",0.25%,112.6,"1,858",30.37,1.00%
3.7.2025,9:59:00,W,"3,003.02","3,024.94",0.73%,"3,033.71",1.02%,198.4,"2,077",67.3,2.28%
1.7.2025,9:59:25,W,"2,958.70","2,957.64",0.04%,"2,946.90",0.40%,79.6,"1,620",37.48,1.28%
29.6.2025,9:59:45,W,"2,904.71","2,920.16",0.53%,"2,948.24",1.50%,142.3,"1,920",19.24,0.66%
26.6.2025,9:59:05,M,"2,928.35","2,900.92",0.94%,"2,904.71",0.81%,"1,614.90","3,676",32.57,1.14%
24.6.2025,9:59:40,W,"2,840.76","2,868.35",0.97%,"2,876.50",1.26%,168.4,"4,202",8.27,0.29%
22.6.2025,9:59:55,W,"2,834.31","2,860.08",0.91%,"2,877.78",1.53%,109,"2,922",68.55,2.46%
19.6.2025,9:59:44,W,"2,805.28","2,791.53",0.49%,"2,834.31",1.03%,160.7,"2,550",28.1,1.02%
17.6.2025,9:59:17,W,"2,756.16","2,763.43",0.26%,"2,768.73",0.46%,115.9,"2,197",104.35,3.92%
15.6.2025,9:59:27,W,"2,694.04","2,659.08",1.30%,"2,706.80",0.47%,88.7,"2,034",33.89,1.26%
12.6.2025,9:59:11,W,"2,736.77","2,692.97",1.60%,"2,694.04",1.56%,104.3,"3,013",33.53,1.23%
10.6.2025,10:02:57,W,"2,729.64","2,726.50",0.12%,"2,731.80",0.08%,100.4,"1,955",24,0.87%
8.6.2025,9:59:50,W,"2,734.90","2,750.50",0.57%,"2,735.73",0.03%,78,"1,934",32.41,1.19%
5.6.2025,9:59:01,W,"2,703.21","2,718.09",0.55%,"2,734.90",1.17%,124.9,"2,180",7.53,0.28%
3.6.2025,9:59:47,W,"2,701.68","2,710.56",0.33%,"2,710.81",0.34%,373.4,"3,831",25.22,0.92%
29.5.2025,9:59:32,M,"2,678.40","2,735.78",2.14%,"2,701.68",0.87%,"1,764.80","4,909",93.25,3.53%
27.5.2025,9:59:31,W,"2,649.75","2,642.53",0.27%,"2,664.17",0.54%,93.5,"2,094",67.13,2.61%
25.5.2025,9:59:32,W,"2,593.86","2,575.40",0.71%,"2,601.97",0.31%,59.1,"1,955",35.15,1.35%
22.5.2025,9:59:07,W,"2,626.73","2,610.55",0.62%,"2,593.86",1.25%,86.4,"1,906",33.62,1.27%
20.5.2025,9:59:11,W,"2,648.57","2,644.17",0.17%,"2,643.15",0.20%,60.5,"1,714",4.2,0.16%
18.5.2025,9:59:10,W,"2,629.53","2,639.97",0.40%,"2,654.43",0.95%,98.9,"1,359",19.61,0.75%
15.5.2025,9:59:17,W,"2,639.28","2,620.36",0.72%,"2,629.53",0.37%,152,"2,864",0.12,0.00%
13.5.2025,9:59:47,W,"2,636.46","2,620.48",0.61%,"2,630.96",0.21%,120.5,"2,784",6.14,0.23%
11.5.2025,9:59:47,W,"2,636.16","2,626.62",0.36%,"2,636.04",0.00%,126.6,"2,111",11.91,0.45%
8.5.2025,9:59:06,W,"2,609.36","2,638.53",1.12%,"2,636.16",1.03%,187.6,"2,215",90.71,3.56%
6.5.2025,9:59:21,W,"2,548.74","2,547.82",0.04%,"2,569.15",0.80%,294.3,"2,023",8.93,0.35%
4.5.2025,9:59:56,W,"2,517.98","2,538.89",0.83%,"2,520.22",0.09%,112.3,"2,172",31.46,1.25%
29.4.2025,9:59:53,W,"2,506.10","2,507.43",0.05%,"2,517.98",0.47%,123.3,"1,958",15.19,0.60%
27.4.2025,9:59:35,W,"2,506.94","2,522.62",0.63%,"2,511.42",0.18%,101.1,"1,942",18.01,0.72%
24.4.2025,10:09:58,M,"2,505.94","2,504.61",0.05%,"2,506.94",0.04%,539.6,"3,311",40.09,1.63%
22.4.2025,9:59:44,W,"2,461.08","2,464.52",0.14%,"2,468.06",0.28%,63.1,"2,299",39.15,1.56%
20.4.2025,9:59:12,W,"2,490.51","2,503.67",0.53%,"2,491.79",0.05%,34.2,"1,519",7.23,0.29%
17.4.2025,9:59:42,W,"2,495.79","2,496.44",0.03%,"2,490.51",0.21%,86.5,"2,648",25.82,1.05%
15.4.2025,9:59:08,W,"2,470.15","2,470.62",0.02%,"2,481.20",0.45%,97.4,"2,101",21.14,0.86%
10.4.2025,10:06:17,W,"2,371.74","2,449.48",3.28%,"2,417.67",1.94%,141,"3,102",60.55,2.53%
8.4.2025,9:59:29,W,"2,372.99","2,388.93",0.67%,"2,407.62",1.46%,298.9,"2,397",31.32,1.33%
6.4.2025,10:05:55,W,"2,448.47","2,357.61",3.71%,"2,352.30",3.93%,188.5,"3,811",73.69,3.03%
3.4.2025,9:59:22,W,"2,463.69","2,431.30",1.31%,"2,448.47",0.62%,164.1,"3,181",5.44,0.22%
1.4.2025,9:59:24,W,"2,418.23","2,436.74",0.77%,"2,426.55",0.34%,112.5,"2,088",6.04,0.25%
30.3.2025,9:59:29,W,"2,461.34","2,430.70",1.24%,"2,427.57",1.37%,99.8,"1,893",2.62,0.11%
27.3.2025,9:59:36,M,"2,439.62","2,428.08",0.47%,"2,461.34",0.89%,"1,972.70","3,886",33.93,1.38%
25.3.2025,9:59:45,W,"2,466.50","2,462.01",0.18%,"2,470.08",0.15%,150.8,"2,170",21.19,0.85%
23.3.2025,9:59:47,W,"2,501.73","2,483.20",0.74%,"2,420.33",3.25%,147.5,"2,908",28,1.12%
20.3.2025,9:59:38,W,"2,504.63","2,511.20",0.26%,"2,501.73",0.12%,141.3,"2,526",17.35,0.69%
18.3.2025,9:59:08,W,"2,530.37","2,528.55",0.07%,"2,517.45",0.51%,277.8,"2,513",1.4,0.06%
16.3.2025,9:59:41,W,"2,510.92","2,529.95",0.76%,"2,529.73",0.75%,188.7,"1,752",28.27,1.13%
13.3.2025,9:59:13,W,"2,493.35","2,501.68",0.33%,"2,510.92",0.70%,269.4,"2,668",34.52,1.40%
11.3.2025,9:59:00,W,"2,477.59","2,467.16",0.42%,"2,462.24",0.62%,127,"2,449",23.31,0.94%
9.3.2025,9:59:01,W,"2,467.04","2,490.47",0.95%,"2,493.87",1.09%,125.8,"1,614",13.27,0.54%
6.3.2025,9:59:20,W,"2,479.64","2,477.20",0.10%,"2,467.04",0.51%,137.2,"2,175",2.79,0.11%
4.3.2025,9:59:04,W,"2,497.50","2,479.99",0.70%,"2,451.69",1.83%,284.7,"2,461",23.56,0.96%
2.3.2025,9:59:54,W,"2,469.61","2,456.43",0.53%,"2,456.33",0.54%,76.6,"1,979",21.6,0.87%
27.2.2025,9:59:45,M,"2,471.97","2,478.03",0.25%,"2,469.61",0.10%,"2,010.70","3,632",16.62,0.68%
25.2.2025,9:59:10,W,"2,463.64","2,461.41",0.09%,"2,460.91",0.11%,53.8,"1,501",39.43,1.58%
23.2.2025,9:59:10,W,"2,514.57","2,500.84",0.55%,"2,483.98",1.22%,137.2,"2,430",26.02,1.03%
20.2.2025,9:59:06,W,"2,528.01","2,526.86",0.05%,"2,514.57",0.53%,103.4,"2,345",27.81,1.11%
18.2.2025,9:59:09,W,"2,492.42","2,499.05",0.27%,"2,534.02",1.67%,81,"1,557",6.4,0.26%
16.2.2025,9:59:11,W,"2,499.31","2,492.65",0.27%,"2,501.21",0.08%,74.5,"1,570",41.44,1.69%
13.2.2025,9:59:18,W,"2,455.10","2,451.21",0.16%,"2,499.31",1.80%,67.1,"2,129",51.32,2.05%
11.2.2025,9:59:42,W,"2,515.48","2,502.53",0.51%,"2,490.90",0.98%,57.7,"1,835",14.93,0.60%
9.2.2025,10:05:57,W,"2,508.15","2,487.60",0.82%,"2,491.34",0.67%,54.5,"2,539",19.08,0.76%
6.2.2025,9:59:07,W,"2,508.99","2,506.68",0.09%,"2,508.15",0.03%,632.7,"2,657",40.44,1.64%
4.2.2025,9:59:15,W,"2,449.01","2,466.24",0.70%,"2,475.91",1.10%,88.2,"1,723",30.58,1.26%
2.2.2025,9:59:09,W,"2,448.65","2,435.66",0.53%,"2,457.77",0.37%,99.4,"2,220",18.31,0.75%
30.1.2025,9:59:44,M,"2,473.23","2,453.97",0.78%,"2,448.65",0.99%,"1,532.80","4,510",12.96,0.53%
28.1.2025,9:59:28,W,"2,463.60","2,466.93",0.14%,"2,467.82",0.17%,141,"2,436",50.02,1.99%
26.1.2025,9:59:29,W,"2,517.69","2,516.95",0.03%,"2,520.70",0.12%,37.8,"1,242",22.52,0.89%
23.1.2025,9:59:20,W,"2,537.33","2,539.47",0.08%,"2,517.69",0.77%,70,"1,736",5.1,0.20%
21.1.2025,9:59:14,W,"2,551.77","2,544.57",0.28%,"2,551.90",0.01%,64.9,"1,672",10.11,0.40%
19.1.2025,9:59:03,W,"2,525.39","2,534.46",0.36%,"2,552.30",1.07%,74.1,"1,462",14.05,0.56%
16.1.2025,9:59:27,W,"2,514.97","2,520.41",0.22%,"2,525.39",0.41%,161.4,"3,215",47.62,1.93%
14.1.2025,9:59:47,W,"2,455.73","2,472.79",0.69%,"2,487.34",1.29%,176,"2,902",23.12,0.94%
12.1.2025,9:59:04,W,"2,450.23","2,449.67",0.02%,"2,458.76",0.35%,67.1,"1,563",0.24,0.01%
9.1.2025,9:59:02,W,"2,439.98","2,449.43",0.39%,"2,450.23",0.42%,100.5,"1,748",8.9,0.36%
7.1.2025,9:59:11,W,"2,456.44","2,458.33",0.08%,"2,458.11",0.07%,92.3,"1,939",42.04,1.74%
5.1.2025,9:59:56,W,"2,414.64","2,416.29",0.07%,"2,429.80",0.63%,76.9,"1,835",12.12,0.50%
2.1.2025,9:59:13,W,"2,400.64","2,404.17",0.15%,"2,414.64",0.58%,164.8,"2,057",33.32,1.41%
31.12.2024,9:59:10,W,"2,367.08","2,370.85",0.16%,"2,394.96",1.18%,88.9,"1,832",0.44,0.02%
29.12.2024,9:59:41,W,"2,379.76","2,371.29",0.36%,"2,373.99",0.24%,135.5,"2,211",6.3,0.26%
26.12.2024,9:59:06,M,"2,394.00","2,377.59",0.69%,"2,379.76",0.59%,"1,196.40","4,145",12.2,0.51%
24.12.2024,9:59:28,W,"2,388.18","2,389.79",0.07%,"2,402.75",0.61%,52.2,"2,108",22.05,0.93%
22.12.2024,9:59:04,W,"2,364.37","2,367.74",0.14%,"2,390.08",1.09%,39,"1,363",10.69,0.45%
19.12.2024,9:59:41,W,"2,383.74","2,357.05",1.12%,"2,364.37",0.81%,107.4,"3,037",25.02,1.07%
17.12.2024,9:59:49,W,"2,344.42","2,332.03",0.53%,"2,367.99",1.01%,58.4,"2,250",0,0.00%
15.12.2024,9:59:01,W,"2,335.46","2,332.03",0.15%,"2,316.96",0.79%,65,"1,764",1.24,0.05%
12.12.2024,9:59:49,W,"2,336.33","2,333.27",0.13%,"2,335.46",0.04%,65.5,"2,167",25.57,1.08%
10.12.2024,9:59:28,W,"2,362.28","2,358.84",0.15%,"2,352.48",0.41%,44.7,"1,876",27.85,1.19%
8.12.2024,9:59:15,W,"2,321.78","2,330.99",0.40%,"2,343.90",0.95%,49.6,"1,373",4.48,0.19%
5.12.2024,9:59:29,W,"2,322.66","2,326.51",0.17%,"2,321.78",0.04%,72.6,"1,984",41.13,1.80%
3.12.2024,9:59:21,W,"2,292.70","2,285.38",0.32%,"2,315.52",1.00%,71.4,"1,617",19.19,0.85%
1.12.2024,9:59:30,W,"2,260.49","2,266.19",0.25%,"2,294.71",1.51%,86.7,"1,917",5.16,0.23%
28.11.2024,9:59:34,M,"2,276.81","2,261.03",0.69%,"2,260.49",0.72%,"2,477.80","4,638",16.35,0.72%
26.11.2024,9:59:02,W,"2,281.21","2,277.38",0.17%,"2,303.39",0.97%,69.4,"1,771",14.83,0.66%
24.11.2024,9:59:02,W,"2,260.15","2,262.55",0.11%,"2,283.22",1.02%,50.3,"1,474",25.75,1.15%
21.11.2024,9:59:33,W,"2,252.81","2,236.80",0.71%,"2,260.15",0.33%,130.1,"2,828",31.29,1.38%
19.11.2024,9:59:01,W,"2,252.10","2,268.09",0.71%,"2,259.59",0.33%,105.2,"2,105",27.27,1.22%
17.11.2024,9:59:22,W,"2,267.59","2,240.82",1.18%,"2,268.54",0.04%,86.2,"2,272",48.87,2.13%
14.11.2024,9:59:14,W,"2,303.11","2,289.69",0.58%,"2,267.59",1.54%,98.3,"2,399",21.98,0.97%
12.11.2024,9:59:13,W,"2,276.03","2,267.71",0.37%,"2,297.86",0.96%,93,"1,912",15.81,0.70%
10.11.2024,10:06:10,W,"2,229.99","2,251.90",0.98%,"2,288.06",2.60%,92.9,"2,125",28.58,1.29%
7.11.2024,9:59:19,W,"2,223.75","2,223.32",0.02%,"2,229.99",0.28%,69.8,"1,846",11.94,0.54%
5.11.2024,9:59:52,W,"2,207.83","2,211.38",0.16%,"2,218.62",0.49%,46.8,"1,473",10.48,0.48%
3.11.2024,9:59:46,W,"2,203.97","2,200.90",0.14%,"2,204.33",0.02%,97.5,"1,962",7.22,0.33%
31.10.2024,9:59:07,W,"2,218.90","2,208.12",0.49%,"2,203.97",0.67%,136.4,"2,102",41.71,1.93%
29.10.2024,9:59:27,W,"2,174.24","2,166.41",0.36%,"2,189.86",0.72%,101.1,"2,648",18.88,0.86%
27.10.2024,9:59:47,W,"2,155.40","2,185.29",1.39%,"2,170.55",0.70%,82.6,"2,339",10.47,0.48%
22.10.2024,9:59:33,M,"2,177.09","2,174.82",0.10%,"2,155.40",1.00%,447.2,"2,758",26.03,1.21%
20.10.2024,10:07:46,W,"2,137.71","2,148.79",0.52%,"2,180.67",2.01%,123.8,"3,015",11.91,0.56%
15.10.2024,9:59:52,W,"2,126.75","2,136.88",0.48%,"2,137.71",0.52%,42.3,"1,340",24.91,1.18%
13.10.2024,9:59:09,W,"2,093.55","2,111.97",0.88%,"2,110.39",0.80%,36,"1,335",12.66,0.60%
10.10.2024,9:59:43,W,"2,113.46","2,124.63",0.53%,"2,093.55",0.94%,107.2,"2,004",31.65,1.51%
8.10.2024,9:59:38,W,"2,093.07","2,092.98",0.00%,"2,098.39",0.25%,60,"1,658",3.99,0.19%
6.10.2024,9:59:21,W,"2,093.48","2,096.97",0.17%,"2,088.68",0.23%,83.4,"1,855",30.49,1.43%
1.10.2024,9:59:12,W,"2,123.64","2,127.46",0.18%,"2,093.48",1.42%,111.5,"1,931",13.27,0.63%
29.9.2024,9:59:43,W,"2,095.76","2,114.19",0.88%,"2,117.18",1.02%,127.5,"2,017",8.66,0.41%
26.9.2024,9:59:32,M,"2,067.88","2,105.53",1.82%,"2,095.76",1.35%,"1,833.80","4,613",68.22,3.35%
24.9.2024,9:59:02,W,"2,029.18","2,037.31",0.40%,"2,048.79",0.97%,62.4,"1,501",51.54,2.60%
22.9.2024,9:59:18,W,"1,997.92","1,985.77",0.61%,"2,013.52",0.78%,67.9,"1,753",27.92,1.39%
19.9.2024,9:59:53,W,"2,002.35","2,013.69",0.57%,"1,997.92",0.22%,122,"2,109",7.69,0.38%
17.9.2024,9:59:32,W,"2,019.21","2,006.00",0.65%,"1,998.14",1.04%,150.7,"1,873",58,2.81%
15.9.2024,9:59:08,W,"2,054.46","2,064.00",0.46%,"2,047.86",0.32%,22.6,"1,253",4.17,0.20%
12.9.2024,9:59:53,W,"2,033.00","2,059.83",1.32%,"2,054.46",1.06%,69.3,"1,854",29.95,1.48%
10.9.2024,9:59:02,W,"2,035.21","2,029.88",0.26%,"2,030.61",0.23%,46.7,"1,206",11.63,0.57%
8.9.2024,9:59:13,W,"2,071.92","2,041.51",1.47%,"2,039.69",1.56%,50.1,"1,095",9.24,0.45%
5.9.2024,9:59:24,W,"2,047.63","2,050.75",0.15%,"2,071.92",1.19%,69.2,"1,467",41.26,1.97%
3.9.2024,9:59:00,W,"2,091.77","2,092.01",0.01%,"2,061.52",1.45%,46.2,"1,171",0.88,0.04%
1.9.2024,9:59:17,W,"2,093.08","2,092.89",0.01%,"2,074.74",0.88%,57.3,"1,592",9.28,0.45%
29.8.2024,9:59:51,M,"2,090.31","2,083.61",0.32%,"2,093.08",0.13%,"1,190.30","2,701",4.63,0.22%
27.8.2024,9:59:33,W,"2,078.17","2,088.24",0.48%,"2,077.81",0.02%,82.1,"1,502",29.94,1.45%
25.8.2024,9:59:49,W,"2,051.21","2,058.30",0.35%,"2,091.61",1.97%,50.3,"1,473",14.38,0.70%
22.8.2024,9:59:04,W,"2,045.64","2,043.92",0.08%,"2,051.21",0.27%,86.2,"1,269",26.16,1.26%
20.8.2024,9:59:41,W,"2,056.79","2,070.08",0.65%,"2,060.25",0.17%,73.5,"1,668",2.89,0.14%
18.8.2024,9:59:22,W,"2,055.12","2,072.97",0.87%,"2,065.73",0.52%,49.2,"1,278",46.2,2.28%
15.8.2024,9:59:03,W,"2,022.20","2,026.77",0.23%,"2,055.12",1.63%,97.1,"1,952",26.13,1.31%
12.8.2024,9:59:00,W,"2,012.30","2,000.64",0.58%,"1,986.66",1.27%,32.8,"1,380",28.07,1.38%
11.8.2024,10:06:19,W,"2,005.93","2,028.71",1.14%,"2,012.30",0.32%,106.7,"1,971",60.05,3.05%
8.8.2024,9:59:44,W,"1,978.18","1,968.66",0.48%,"2,005.93",1.40%,117.7,"2,199",20.23,1.04%
6.8.2024,9:59:19,W,"1,916.13","1,948.43",1.69%,"1,948.35",1.68%,123.3,"1,859",16.86,0.87%
4.8.2024,10:07:05,W,"1,983.51","1,931.57",2.62%,"1,933.92",2.50%,128.6,"2,230",75.22,3.75%
1.8.2024,9:59:56,W,"2,011.77","2,006.79",0.25%,"1,983.51",1.40%,192,"1,988",11.03,0.55%
30.7.2024,9:59:39,W,"2,021.05","2,017.82",0.16%,"2,005.23",0.78%,185.3,"2,528",7.79,0.38%
28.7.2024,9:59:31,W,"2,050.07","2,025.61",1.19%,"2,003.93",2.25%,115.4,"1,782",15.94,0.78%
25.7.2024,9:59:07,M,"2,058.53","2,041.55",0.82%,"2,050.07",0.41%,"1,126.80","3,043",2,0.10%
23.7.2024,9:59:25,W,"2,041.68","2,043.55",0.09%,"2,068.41",1.31%,66.7,"1,943",34.74,1.73%
21.7.2024,9:59:30,W,"2,044.09","2,008.81",1.73%,"2,028.66",0.75%,52.4,"1,783",42.93,2.09%
18.7.2024,9:59:22,W,"2,060.96","2,051.74",0.45%,"2,044.09",0.82%,50.7,"1,833",13.54,0.66%
16.7.2024,9:59:30,W,"2,076.77","2,065.28",0.55%,"2,076.01",0.04%,90.6,"1,750",3.1,0.15%
14.7.2024,9:59:19,W,"2,069.73","2,062.18",0.36%,"2,071.76",0.10%,50.8,"1,493",6.56,0.32%
11.7.2024,9:59:14,W,"2,040.79","2,068.74",1.37%,"2,069.73",1.42%,112.6,"2,308",31.04,1.52%
9.7.2024,9:59:02,W,"2,046.51","2,037.70",0.43%,"2,053.96",0.36%,81.5,"1,509",4.05,0.20%
7.7.2024,9:59:09,W,"2,017.40","2,041.75",1.21%,"2,063.29",2.27%,116.8,"2,381",35.37,1.76%
4.7.2024,9:59:29,W,"1,996.24","2,006.38",0.51%,"2,017.40",1.06%,118.2,"2,485",46.83,2.39%
2.7.2024,9:59:23,W,"1,972.28","1,959.55",0.65%,"1,983.12",0.55%,78,"2,344",21.54,1.09%
30.6.2024,9:59:13,W,"1,976.43","1,981.09",0.24%,"1,984.89",0.43%,224,"1,853",8.94,0.45%
27.6.2024,9:59:00,M,"1,990.30","1,972.15",0.91%,"1,976.43",0.70%,"1,267.20","3,321",24.86,1.28%
25.6.2024,9:59:26,W,"1,954.94","1,947.29",0.39%,"1,969.13",0.73%,36.9,"1,356",21.03,1.07%
23.6.2024,9:59:02,W,"1,968.64","1,968.32",0.02%,"1,964.47",0.21%,53.9,"1,788",37.84,1.89%
20.6.2024,10:06:54,W,"2,003.81","2,006.16",0.12%,"1,968.64",1.76%,69,"1,663",9.43,0.47%
18.6.2024,9:59:50,W,"2,002.56","2,015.59",0.65%,"2,000.67",0.09%,67.3,"2,043",15.92,0.80%
16.6.2024,9:59:44,W,"1,987.86","1,999.67",0.59%,"1,974.57",0.67%,61.1,"2,079",10.31,0.52%
13.6.2024,9:59:50,W,"1,978.63","1,989.36",0.54%,"1,987.86",0.47%,69.1,"2,218",27.87,1.42%
10.6.2024,9:59:00,W,"1,973.35","1,961.49",0.60%,"1,978.63",0.27%,50.9,"1,833",15.54,0.79%
9.6.2024,9:59:33,W,"1,965.87","1,977.03",0.57%,"1,973.35",0.38%,101.2,"1,582",11.43,0.58%
6.6.2024,9:59:09,W,"1,980.04","1,965.60",0.73%,"1,965.87",0.72%,109.8,"2,515",48.46,2.41%
4.6.2024,9:59:41,W,"2,019.41","2,014.06",0.26%,"2,008.26",0.55%,77.1,"1,988",10.11,0.50%
2.6.2024,9:59:56,W,"1,999.93","2,024.17",1.21%,"1,996.91",0.15%,104.1,"2,235",41.88,2.11%
30.5.2024,9:59:38,M,"2,000.67","1,982.29",0.92%,"1,999.93",0.04%,"1,344.60","3,167",0.2,0.01%
28.5.2024,9:59:27,W,"1,978.92","1,982.09",0.16%,"1,995.64",0.84%,75.1,"1,964",2.85,0.14%
26.5.2024,9:59:25,W,"1,973.52","1,979.24",0.29%,"1,978.39",0.25%,48.2,"1,715",2.12,0.11%
23.5.2024,9:59:40,W,"1,971.22","1,981.36",0.51%,"1,973.52",0.12%,68.4,"1,623",14.6,0.73%
21.5.2024,9:59:53,W,"1,980.63","1,995.96",0.77%,"1,974.40",0.31%,98,"1,758",10.59,0.53%
19.5.2024,9:59:37,W,"1,982.53","1,985.37",0.14%,"1,959.54",1.16%,89.7,"1,618",27.59,1.37%
16.5.2024,9:59:28,W,"2,015.35","2,012.96",0.12%,"1,982.53",1.63%,139.1,"1,911",4.18,0.21%
12.5.2024,9:59:24,W,"2,003.53","2,017.14",0.68%,"2,013.57",0.50%,65.4,"1,584",29.6,1.49%
9.5.2024,9:59:34,W,"1,984.05","1,987.54",0.18%,"2,003.53",0.98%,100,"2,386",26.23,1.34%
7.5.2024,9:59:34,W,"1,944.15","1,961.31",0.88%,"1,971.84",1.42%,161.6,"2,149",2.25,0.11%
5.5.2024,9:59:48,W,"1,939.48","1,963.56",1.24%,"1,946.96",0.39%,105.2,"1,999",21.95,1.13%
2.5.2024,9:59:45,W,"1,930.63","1,941.61",0.57%,"1,939.48",0.46%,119.6,"2,080",13.78,0.70%
30.4.2024,9:59:27,W,"1,924.76","1,955.39",1.59%,"1,950.12",1.32%,96.2,"1,916",18.3,0.94%
25.4.2024,9:59:22,M,"1,937.95","1,937.09",0.04%,"1,924.76",0.68%,931.1,"3,930",14.1,0.73%
21.4.2024,10:05:12,W,"1,912.45","1,922.99",0.55%,"1,933.92",1.12%,112.8,"2,401",21.06,1.11%
18.4.2024,9:59:53,W,"1,888.01","1,901.93",0.74%,"1,912.45",1.29%,79.8,"1,817",10.77,0.57%
16.4.2024,9:59:15,W,"1,914.43","1,891.16",1.22%,"1,907.67",0.35%,95.9,"2,307",43.98,2.27%
14.4.2024,9:59:54,W,"1,933.05","1,935.14",0.11%,"1,938.18",0.27%,94.4,"2,147",12.87,0.66%
11.4.2024,9:59:49,W,"1,965.37","1,948.01",0.88%,"1,933.05",1.64%,88.5,"1,619",36.72,1.85%
9.4.2024,9:59:39,W,"2,000.87","1,984.73",0.81%,"1,979.78",1.05%,151.5,"2,145",32.71,1.68%
7.4.2024,9:59:21,W,"1,941.70","1,952.02",0.53%,"1,968.34",1.37%,41.8,"1,224",5.09,0.26%
4.4.2024,9:59:13,W,"1,975.77","1,957.11",0.94%,"1,941.70",1.72%,246.2,"3,025",39.77,1.99%
2.4.2024,9:59:22,W,"2,006.10","1,996.88",0.46%,"1,972.17",1.69%,86.4,"1,551",16.5,0.82%
31.3.2024,9:59:10,W,"1,998.25","2,013.38",0.76%,"2,010.41",0.61%,205.7,"1,659",9.38,0.46%
28.3.2024,9:59:54,M,"1,998.73","2,022.76",1.20%,"1,998.25",0.02%,"1,024.60","5,462",27,1.35%
26.3.2024,9:59:00,W,"1,998.40","1,995.76",0.13%,"2,005.29",0.34%,126,"1,853",2.95,0.15%
21.3.2024,9:59:48,W,"1,962.38","1,992.81",1.55%,"1,979.46",0.87%,170.3,"3,598",56.32,2.91%
19.3.2024,9:59:26,W,"1,928.54","1,936.49",0.41%,"1,938.51",0.52%,89.7,"1,811",49.2,2.61%
17.3.2024,9:59:52,W,"1,884.16","1,887.29",0.17%,"1,906.74",1.20%,69.3,"1,336",10.98,0.58%
14.3.2024,9:59:23,W,"1,899.56","1,898.27",0.07%,"1,884.16",0.81%,149.2,"1,986",15.71,0.82%
12.3.2024,9:59:35,W,"1,913.78","1,913.98",0.01%,"1,903.45",0.54%,178.1,"2,336",10.55,0.55%
10.3.2024,9:59:29,W,"1,939.44","1,924.53",0.77%,"1,918.79",1.06%,146.2,"2,006",28.4,1.45%
7.3.2024,9:59:28,W,"1,954.66","1,952.93",0.09%,"1,939.44",0.78%,187.7,"2,921",2.7,0.14%
5.3.2024,9:59:48,W,"1,960.69","1,955.63",0.26%,"1,947.22",0.69%,36.9,"1,386",21.04,1.09%
29.2.2024,9:59:19,W,"1,929.64","1,934.59",0.26%,"1,947.07",0.90%,51,"1,664",4.19,0.22%
26.2.2024,9:59:56,W,"1,938.36","1,938.78",0.02%,"1,942.93",0.24%,107.1,"2,271",33.47,1.76%
22.2.2024,9:59:37,M,"1,893.04","1,905.31",0.65%,"1,914.51",1.13%,675.1,"3,533",8.45,0.45%
20.2.2024,9:59:07,W,"1,898.67","1,896.86",0.10%,"1,899.46",0.04%,57.6,"1,238",31.84,1.71%
15.2.2024,9:59:25,W,"1,852.60","1,865.02",0.67%,"1,862.12",0.51%,42.7,"1,575",17.11,0.93%
13.2.2024,9:59:47,W,"1,842.94","1,847.91",0.27%,"1,853.14",0.55%,104.4,"1,901",15.78,0.86%
8.2.2024,9:59:32,W,"1,841.57","1,832.13",0.51%,"1,831.55",0.54%,57.6,"2,036",12.9,0.71%
6.2.2024,9:59:06,W,"1,819.17","1,819.23",0.00%,"1,837.41",1.00%,47.8,"1,342",2.81,0.15%
1.2.2024,9:59:15,W,"1,830.82","1,822.04",0.48%,"1,817.83",0.71%,82.4,"1,544",35.57,1.91%
30.1.2024,9:59:42,W,"1,858.51","1,857.61",0.05%,"1,839.55",1.02%,62.2,"1,721",25.59,1.40%
25.1.2024,9:59:33,M,"1,843.70","1,832.02",0.63%,"1,827.29",0.89%,"1,211.30","3,942",1.84,0.10%
23.1.2024,9:59:48,W,"1,842.38","1,830.18",0.66%,"1,832.40",0.54%,92.4,"1,829",14.65,0.81%
18.1.2024,9:59:39,W,"1,805.50","1,815.53",0.56%,"1,839.80",1.90%,43.8,"1,200",24.35,1.32%
16.1.2024,9:59:14,W,"1,848.05","1,839.88",0.44%,"1,824.73",1.26%,31.1,"1,301",21.17,1.14%
11.1.2024,9:59:01,W,"1,857.74","1,861.05",0.18%,"1,862.01",0.23%,32.5,"1,391",16.44,0.88%
9.1.2024,9:59:12,W,"1,870.77","1,877.49",0.36%,"1,862.22",0.46%,38.5,"1,199",0.79,0.04%
4.1.2024,9:59:16,W,"1,866.96","1,876.70",0.52%,"1,876.36",0.50%,34.7,"1,647",24.87,1.31%
2.1.2024,9:59:46,W,"1,895.16","1,901.57",0.34%,"1,885.04",0.53%,195.5,"2,404",39.43,2.12%
28.12.2023,9:59:25,M,"1,858.34","1,862.14",0.20%,"1,853.73",0.25%,957.3,"2,915",9.58,0.51%
26.12.2023,9:59:54,W,"1,867.00","1,871.72",0.25%,"1,838.83",1.51%,109.9,"1,249",18.03,0.97%
21.12.2023,9:59:27,W,"1,865.78","1,853.69",0.65%,"1,850.89",0.80%,58.9,"1,739",17.45,0.95%
19.12.2023,9:59:13,W,"1,829.91","1,836.24",0.35%,"1,840.23",0.56%,107.3,"1,600",24.15,1.33%
14.12.2023,9:59:56,W,"1,784.52","1,812.09",1.54%,"1,822.70",2.14%,68.5,"2,413",11.67,0.65%
12.12.2023,9:59:44,W,"1,792.92","1,800.42",0.42%,"1,783.15",0.54%,44.9,"1,541",4.53,0.25%
7.12.2023,9:59:26,W,"1,810.56","1,804.95",0.31%,"1,801.94",0.48%,40.8,"1,744",11.77,0.66%
5.12.2023,9:59:00,W,"1,789.85","1,793.18",0.19%,"1,807.00",0.96%,78.7,"1,891",3.48,0.19%
30.11.2023,9:59:54,W,"1,805.06","1,796.66",0.47%,"1,774.13",1.71%,112.1,"1,877",7.91,0.44%
28.11.2023,9:59:16,W,"1,783.64","1,788.75",0.29%,"1,790.29",0.37%,104.8,"1,648",2.44,0.14%
23.11.2023,9:59:10,M,"1,792.44","1,791.19",0.07%,"1,797.16",0.26%,902.3,"3,306",52.44,3.02%
21.11.2023,9:59:18,W,"1,735.48","1,738.75",0.19%,"1,749.09",0.78%,97.4,"1,550",34.48,2.02%
16.11.2023,9:59:12,W,"1,705.08","1,704.27",0.05%,"1,721.96",0.99%,87.5,"1,660",23.02,1.37%
14.11.2023,9:59:31,W,"1,669.12","1,681.25",0.73%,"1,701.48",1.94%,74.2,"1,547",38.43,2.23%
9.11.2023,9:59:31,W,"1,714.95","1,719.68",0.28%,"1,704.43",0.61%,99.4,"1,384",0.17,0.01%
7.11.2023,9:59:03,W,"1,702.56","1,719.51",1.00%,"1,728.11",1.50%,127.8,"2,241",48.89,2.93%
2.11.2023,9:59:05,W,"1,654.01","1,670.62",1.00%,"1,686.36",1.96%,94.1,"1,774",2.98,0.18%
31.10.2023,10:10:32,W,"1,653.01","1,667.64",0.89%,"1,646.85",0.37%,195.4,"2,092",66.46,4.15%
26.10.2023,9:59:43,M,"1,617.02","1,601.18",0.98%,"1,605.20",0.73%,"1,030.00","3,033",19.66,1.21%
24.10.2023,9:59:36,W,"1,614.96","1,620.84",0.36%,"1,621.43",0.40%,133.7,"2,217",70.19,4.15%
19.10.2023,9:59:01,W,"1,700.87","1,691.03",0.58%,"1,669.43",1.85%,124.4,"1,233",10.39,0.61%
17.10.2023,9:59:03,W,"1,692.50","1,701.42",0.53%,"1,689.60",0.17%,73.1,"1,792",36.19,2.08%
12.10.2023,9:59:00,W,"1,725.84","1,737.61",0.68%,"1,713.30",0.73%,80.7,"1,757",12.56,0.73%
10.10.2023,9:59:09,W,"1,728.49","1,725.05",0.20%,"1,749.27",1.20%,106,"2,742",108.95,5.94%
5.10.2023,9:59:43,W,"1,839.74","1,834.00",0.31%,"1,830.65",0.49%,171.7,"2,432",35.57,1.90%
3.10.2023,9:59:48,W,"1,872.53","1,869.57",0.16%,"1,858.13",0.77%,70.4,"1,824",37.76,2.06%
28.9.2023,9:59:00,M,"1,844.14","1,831.81",0.67%,"1,844.61",0.03%,703.3,"2,152",16.22,0.88%
26.9.2023,9:59:25,W,"1,860.38","1,848.03",0.66%,"1,834.80",1.37%,99.9,"2,178",14.43,0.77%
21.9.2023,9:59:19,W,"1,857.23","1,862.46",0.28%,"1,860.38",0.17%,147.2,"2,125",10.45,0.56%
19.9.2023,9:59:31,W,"1,843.00","1,852.01",0.49%,"1,839.03",0.22%,88.5,"2,186",11.72,0.64%
14.9.2023,9:59:02,W,"1,833.83","1,840.29",0.35%,"1,844.66",0.59%,94.6,"1,990",12.09,0.65%
12.9.2023,9:59:53,W,"1,845.13","1,852.38",0.39%,"1,848.91",0.20%,90.3,"1,690",24.52,1.34%
7.9.2023,9:59:05,W,"1,839.80","1,827.86",0.65%,"1,826.54",0.72%,109.1,"1,809",8.45,0.46%
5.9.2023,9:59:29,W,"1,832.08","1,836.31",0.23%,"1,846.14",0.77%,144.3,"2,210",3.98,0.22%
31.8.2023,9:59:14,W,"1,845.76","1,840.29",0.30%,"1,846.54",0.04%,77.9,"2,008",6.62,0.36%
29.8.2023,9:59:33,W,"1,846.28","1,833.67",0.68%,"1,835.37",0.59%,98.2,"2,698",23.84,1.28%
24.8.2023,9:59:29,M,"1,848.08","1,857.51",0.51%,"1,839.56",0.46%,"1,216.00","2,602",10.8,0.58%
22.8.2023,9:59:21,W,"1,842.53","1,846.71",0.23%,"1,853.86",0.61%,55.4,"2,088",5.5,0.30%
17.8.2023,9:59:40,W,"1,847.03","1,841.21",0.32%,"1,828.67",0.99%,102.3,"1,773",24.19,1.30%
15.8.2023,10:17:15,W,"1,856.45","1,865.40",0.48%,"1,853.54",0.16%,55.6,"1,511",17.1,0.91%
10.8.2023,9:59:30,W,"1,887.30","1,882.50",0.25%,"1,888.36",0.06%,63.3,"1,396",22.05,1.19%
8.8.2023,9:59:00,W,"1,872.41","1,860.45",0.64%,"1,860.55",0.63%,80.2,"1,739",0.45,0.02%
3.8.2023,9:59:35,W,"1,862.35","1,860.90",0.08%,"1,851.01",0.61%,120.1,"1,999",16.04,0.85%
1.8.2023,9:59:24,W,"1,871.26","1,876.94",0.30%,"1,861.67",0.51%,143.8,"1,511",28.63,1.55%
26.7.2023,10:06:35,M,"1,804.58","1,848.31",2.42%,"1,854.72",2.78%,"1,296.70","5,472",8.26,0.44%
25.7.2023,9:59:52,W,"1,860.85","1,856.57",0.23%,"1,804.58",3.02%,127.6,"1,998",52.09,2.73%
20.7.2023,9:59:11,W,"1,901.29","1,908.66",0.39%,"1,884.31",0.89%,283.5,"2,859",97.3,5.37%
18.7.2023,9:59:11,W,"1,805.12","1,811.36",0.35%,"1,845.84",2.26%,51,"1,482",1.7,0.09%
13.7.2023,9:59:58,W,"1,805.05","1,813.06",0.44%,"1,811.77",0.37%,141.6,"1,940",75.01,4.32%
11.7.2023,9:59:00,W,"1,752.71","1,738.05",0.84%,"1,770.20",1.00%,96.1,"1,913",29.6,1.67%
6.7.2023,9:59:54,W,"1,779.07","1,767.65",0.64%,"1,762.59",0.93%,93.6,"1,835",22.86,1.31%
29.6.2023,9:59:19,M,"1,750.60","1,744.79",0.33%,"1,749.22",0.08%,"1,143.20","3,736",32.83,1.85%
22.6.2023,9:59:28,W,"1,790.24","1,777.62",0.70%,"1,787.57",0.15%,133.4,"1,787",25.51,1.41%
15.6.2023,9:59:41,W,"1,805.98","1,803.13",0.16%,"1,820.10",0.78%,90.3,"1,494",24.46,1.38%
8.6.2023,9:59:29,W,"1,780.77","1,778.67",0.12%,"1,794.25",0.76%,161.7,"1,783",36.09,2.07%
1.6.2023,9:59:12,W,"1,744.92","1,742.58",0.13%,"1,729.35",0.89%,195.6,"1,959",40.35,2.26%
24.5.2023,10:01:28,M,"1,783.50","1,782.93",0.03%,"1,768.31",0.85%,911.4,"4,029",53.64,2.92%
18.5.2023,9:59:04,W,"1,825.84","1,836.57",0.59%,"1,825.50",0.02%,265.6,"1,761",29.13,1.61%
11.5.2023,9:59:23,W,"1,789.77","1,807.44",0.99%,"1,802.68",0.72%,321.5,"3,112",4.24,0.24%
4.5.2023,9:59:10,W,"1,793.87","1,803.20",0.52%,"1,784.38",0.53%,383.7,"2,216",74.65,4.32%
27.4.2023,9:59:50,M,"1,742.65","1,728.55",0.81%,"1,751.19",0.49%,826.4,"2,975",10.21,0.59%
20.4.2023,9:59:51,W,"1,726.83","1,718.34",0.49%,"1,712.47",0.83%,66.8,"1,938",36.75,2.09%
13.4.2023,9:59:24,W,"1,740.41","1,755.09",0.84%,"1,740.01",0.02%,121,"2,577",23.35,1.35%
4.4.2023,9:59:52,W,"1,741.11","1,731.74",0.54%,"1,741.91",0.05%,139,"2,045",11.65,0.67%
30.3.2023,10:06:00,M,"1,732.21","1,743.39",0.65%,"1,739.11",0.40%,981,"2,100",4.46,0.26%
23.3.2023,9:59:24,W,"1,748.55","1,747.85",0.04%,"1,779.43",1.77%,181.1,"2,136",32.83,1.91%
16.3.2023,9:59:31,W,"1,723.94","1,715.02",0.52%,"1,725.50",0.09%,275.9,"2,610",85.78,4.76%
9.3.2023,9:59:36,W,"1,788.16","1,800.80",0.71%,"1,799.32",0.62%,139.8,"2,003",69.68,4.03%
2.3.2023,9:59:57,W,"1,737.39","1,731.12",0.36%,"1,742.62",0.30%,134.3,"1,837",36.2,2.05%
23.2.2023,9:59:44,M,"1,760.01","1,767.32",0.42%,"1,747.43",0.71%,857,"2,483",61.15,3.34%
16.2.2023,9:59:13,W,"1,812.78","1,828.47",0.87%,"1,802.40",0.57%,173.8,"2,543",26.63,1.48%
9.2.2023,9:59:10,W,"1,797.38","1,801.84",0.25%,"1,781.40",0.89%,105.7,"1,694",21.42,1.17%
2.2.2023,9:59:16,W,"1,801.91","1,823.26",1.18%,"1,833.96",1.78%,141.7,"1,721",13.49,0.75%
26.1.2023,9:59:45,M,"1,798.95","1,809.77",0.60%,"1,782.24",0.93%,571,"2,199",37.84,2.05%
19.1.2023,9:59:56,W,"1,857.69","1,847.61",0.54%,"1,830.67",1.45%,86.8,"1,611",20.8,1.14%
12.1.2023,9:59:40,W,"1,817.14","1,826.81",0.53%,"1,820.38",0.18%,83.2,"1,546",35.51,1.98%
5.1.2023,10:27:19,W,"1,794.69","1,791.30",0.19%,"1,790.04",0.26%,89.3,"1,620",18.21,1.03%
29.12.2022,9:59:31,M,"1,787.44","1,773.09",0.80%,"1,796.92",0.53%,910.1,"3,128",33.41,1.85%
22.12.2022,9:59:03,W,"1,806.91","1,806.50",0.02%,"1,785.96",1.16%,32.4,"1,264",12.93,0.71%
15.12.2022,9:59:58,W,"1,838.18","1,819.43",1.02%,"1,820.54",0.96%,75.2,"2,213",7.44,0.41%
8.12.2022,9:59:47,W,"1,826.93","1,826.87",0.00%,"1,847.23",1.11%,158,"2,774",50.91,2.71%
1.12.2022,9:59:02,W,"1,849.17","1,877.78",1.55%,"1,874.88",1.39%,250.5,"1,766",2.66,0.14%
24.11.2022,9:59:33,M,"1,878.32","1,875.12",0.17%,"1,879.21",0.05%,"1,001.50","2,983",47.06,2.45%
17.11.2022,10:06:52,W,"1,921.93","1,922.18",0.01%,"1,885.09",1.92%,411.1,"2,600",9.49,0.50%
10.11.2022,10:06:03,W,"1,929.20","1,912.69",0.86%,"1,981.04",2.69%,272.9,"2,624",2.86,0.15%
3.11.2022,9:59:43,W,"1,943.02","1,915.55",1.41%,"1,914.47",1.47%,140.8,"2,082",23.39,1.21%
27.10.2022,9:59:52,M,"1,934.56","1,938.94",0.23%,"1,933.82",0.04%,528.8,"3,405",53.63,2.84%
20.10.2022,9:59:55,W,"1,892.01","1,885.31",0.35%,"1,887.95",0.21%,112.1,"1,517",31.72,1.71%
13.10.2022,9:59:29,W,"1,862.69","1,853.59",0.49%,"1,872.68",0.54%,106.2,"1,570",23.74,1.26%
6.10.2022,9:59:53,W,"1,837.92","1,877.33",2.14%,"1,867.62",1.62%,128.6,"2,293",4.05,0.22%
29.9.2022,9:59:57,M,"1,875.74","1,873.28",0.13%,"1,837.23",2.05%,457.8,"3,264",41.84,2.18%
22.9.2022,9:59:10,W,"1,944.86","1,915.12",1.53%,"1,922.89",1.13%,86.3,"1,810",53.88,2.74%
15.9.2022,9:59:16,W,"1,961.18","1,969.00",0.40%,"1,950.56",0.54%,77.9,"1,614",23.36,1.17%
8.9.2022,9:59:14,W,"1,970.25","1,992.36",1.12%,"1,987.29",0.86%,117.5,"1,524",9.16,0.46%
1.9.2022,9:59:44,W,"2,014.52","2,001.52",0.65%,"2,000.20",0.71%,90.7,"1,574",69.16,3.34%
25.8.2022,9:59:05,M,"2,067.23","2,070.68",0.17%,"2,060.40",0.33%,514.1,"3,347",48.53,2.40%
18.8.2022,9:59:06,W,"2,033.82","2,022.15",0.57%,"2,054.88",1.04%,64.5,"1,674",31.06,1.51%
11.8.2022,9:59:55,W,"2,024.00","2,053.21",1.44%,"2,042.21",0.90%,222.6,"2,380",105.54,5.42%
4.8.2022,9:59:27,W,"1,945.95","1,947.67",0.09%,"1,956.96",0.57%,108.6,"1,577",0.46,0.02%
28.7.2022,9:59:26,M,"1,912.33","1,948.13",1.87%,"1,925.35",0.68%,983,"4,465",40.9,2.14%
21.7.2022,9:59:38,W,"1,901.97","1,907.23",0.28%,"1,920.20",0.96%,166.2,"2,476",44.75,2.40%
14.7.2022,9:59:41,W,"1,853.67","1,862.48",0.48%,"1,842.53",0.60%,67.7,"1,622",29.24,1.59%
7.7.2022,9:59:42,W,"1,825.64","1,833.24",0.42%,"1,851.45",1.41%,104.5,"1,349",22.57,1.22%
30.6.2022,9:59:48,W,"1,864.67","1,855.81",0.48%,"1,828.73",1.93%,164.9,"2,496",22.88,1.25%
23.6.2022,9:59:10,M,"1,834.04","1,832.93",0.06%,"1,820.79",0.72%,412.3,"2,598",28.56,1.58%
16.6.2022,9:59:44,W,"1,822.44","1,804.37",0.99%,"1,775.89",2.55%,121.4,"2,002",102.27,5.36%
9.6.2022,9:59:16,W,"1,907.57","1,906.64",0.05%,"1,886.88",1.08%,134.3,"1,444",7.69,0.40%
2.6.2022,9:59:04,W,"1,919.52","1,914.33",0.27%,"1,902.51",0.89%,187.2,"2,115",87.82,4.81%
26.5.2022,9:59:00,M,"1,836.31","1,826.51",0.53%,"1,880.28",2.39%,511.5,"3,219",63.3,3.35%
19.5.2022,9:59:44,W,"1,919.28","1,889.81",1.54%,"1,875.88",2.26%,169.6,"3,197",26.13,1.40%
12.5.2022,9:59:56,W,"1,895.23","1,863.68",1.66%,"1,874.25",1.11%,142.2,"2,237",51.8,2.70%
3.5.2022,9:59:43,W,"1,941.71","1,915.48",1.35%,"1,936.56",0.27%,169.5,"3,116",99.26,4.93%
28.4.2022,10:09:36,M,"1,994.03","2,014.74",1.04%,"2,016.87",1.15%,974.2,"5,084",31.26,1.53%
20.4.2022,9:59:45,W,"2,051.48","2,046.00",0.27%,"2,055.66",0.20%,81.2,"2,160",15.02,0.74%
14.4.2022,9:59:14,W,"2,026.33","2,030.98",0.23%,"2,039.69",0.66%,89,"1,503",4.08,0.20%
7.4.2022,9:59:35,W,"2,028.28","2,026.90",0.07%,"2,034.51",0.31%,74.2,"1,347",7.75,0.38%
31.3.2022,9:59:00,W,"2,042.44","2,034.65",0.38%,"2,021.28",1.04%,111.5,"1,481",3.97,0.19%
24.3.2022,9:59:49,M,"2,027.57","2,038.62",0.54%,"2,036.49",0.44%,984.1,"3,538",88.56,4.54%
16.3.2022,9:59:40,W,"1,930.00","1,950.06",1.04%,"1,961.07",1.61%,133.4,"1,832",2.47,0.13%
10.3.2022,9:59:46,W,"1,948.91","1,952.53",0.19%,"1,930.40",0.95%,108.4,"2,042",13.23,0.67%
3.3.2022,9:59:37,W,"1,958.29","1,965.76",0.38%,"1,943.51",0.75%,201.7,"2,554",33.28,1.72%
24.2.2022,10:06:48,M,"1,985.17","1,932.48",2.65%,"1,927.41",2.91%,714.7,"4,636",71.67,3.58%
17.2.2022,9:59:24,W,"1,991.63","2,004.15",0.63%,"1,979.84",0.59%,196,"1,707",7.08,0.35%
10.2.2022,9:59:43,W,"1,986.67","1,997.07",0.52%,"1,986.66",0.00%,93.1,"2,197",71.11,3.69%
3.2.2022,9:59:14,W,"1,935.85","1,925.96",0.51%,"1,930.53",0.27%,121.3,"1,915",36.82,1.95%
27.1.2022,10:06:39,M,"1,937.13","1,889.14",2.48%,"1,917.22",1.03%,"1,248.40","5,985",121.68,6.05%
20.1.2022,9:59:28,W,"2,015.01","2,010.82",0.21%,"2,019.39",0.22%,248.6,"2,408",41.88,2.04%
13.1.2022,9:59:08,W,"2,055.55","2,052.70",0.14%,"2,071.10",0.76%,159,"2,776",59.38,2.98%
6.1.2022,9:59:12,W,"2,016.23","1,993.32",1.14%,"2,003.52",0.63%,196.6,"2,650",30.3,1.54%
30.12.2021,9:59:40,M,"1,975.42","1,963.02",0.63%,"1,978.06",0.13%,740.4,"3,471",28.26,1.46%
23.12.2021,9:59:36,W,"1,922.03","1,934.76",0.66%,"1,949.34",1.42%,133.2,"2,192",19.46,1.02%
16.12.2021,9:59:12,W,"1,887.48","1,915.30",1.47%,"1,911.14",1.25%,101.6,"2,112",3.64,0.19%
9.12.2021,9:59:17,W,"1,908.22","1,918.94",0.56%,"1,906.21",0.11%,214.5,"2,834",41.04,2.19%
2.12.2021,9:59:38,W,"1,889.60","1,877.90",0.62%,"1,869.86",1.04%,111.1,"1,646",14.47,0.76%
25.11.2021,9:59:40,M,"1,885.36","1,892.37",0.37%,"1,896.57",0.59%,571.6,"2,538",11.59,0.61%
18.11.2021,9:59:44,W,"1,895.16","1,903.96",0.46%,"1,901.32",0.33%,196.6,"2,815",32.83,1.75%
11.11.2021,9:59:14,W,"1,875.37","1,871.13",0.23%,"1,889.38",0.75%,224,"2,537",15.59,0.83%
4.11.2021,9:59:32,W,"1,880.92","1,886.72",0.31%,"1,887.24",0.34%,111.5,"1,547",30.97,1.67%
28.10.2021,9:59:39,M,"1,862.34","1,855.75",0.35%,"1,849.50",0.69%,371.4,"2,947",1.06,0.06%
21.10.2021,9:59:06,W,"1,851.76","1,854.69",0.16%,"1,860.81",0.49%,86.7,"1,652",9.78,0.53%
14.10.2021,9:59:02,W,"1,831.15","1,844.91",0.75%,"1,848.07",0.92%,69,"1,546",50.36,2.81%
7.10.2021,9:59:35,W,"1,784.16","1,794.55",0.58%,"1,803.34",1.08%,59.9,"1,479",8.46,0.47%
30.9.2021,10:06:31,W,"1,793.99","1,803.01",0.50%,"1,802.26",0.46%,79.2,"1,921",3.38,0.19%
23.9.2021,9:59:40,M,"1,792.55","1,799.63",0.39%,"1,804.59",0.67%,536.4,"3,032",0.04,0.00%
14.9.2021,9:59:25,W,"1,803.34","1,799.67",0.20%,"1,812.02",0.48%,93.7,"1,778",36.44,2.07%
9.9.2021,10:06:22,W,"1,772.73","1,763.23",0.54%,"1,800.42",1.56%,130.3,"2,945",5.01,0.28%
2.9.2021,9:59:37,W,"1,768.22","1,768.24",0.00%,"1,766.83",0.08%,79,"1,663",3.26,0.18%
26.8.2021,9:59:55,M,"1,767.34","1,771.50",0.24%,"1,760.64",0.38%,"1,210.80","4,958",62.73,3.67%
19.8.2021,9:59:44,W,"1,721.78","1,708.77",0.76%,"1,725.18",0.20%,107.6,"1,836",4.8,0.28%
12.8.2021,9:59:45,W,"1,698.92","1,703.97",0.30%,"1,710.67",0.69%,156.3,"2,737",17.01,1.01%
5.8.2021,9:59:44,W,"1,693.82","1,686.96",0.41%,"1,689.87",0.23%,73.5,"1,309",9.55,0.56%
29.7.2021,9:59:48,M,"1,687.29","1,696.51",0.55%,"1,691.73",0.26%,762.4,"3,503",62.07,3.80%
22.7.2021,9:59:00,W,"1,662.67","1,634.44",1.70%,"1,660.75",0.12%,223.6,"2,396",28.68,1.72%
15.7.2021,9:59:48,W,"1,672.19","1,663.12",0.54%,"1,657.92",0.85%,67.6,"1,763",25.76,1.53%
8.7.2021,9:59:40,W,"1,691.00","1,688.88",0.13%,"1,658.09",1.95%,82.2,"2,236",3.4,0.20%
1.7.2021,9:59:38,W,"1,682.94","1,685.48",0.15%,"1,687.84",0.29%,85,"1,342",1.77,0.10%
24.6.2021,9:59:57,M,"1,689.46","1,687.25",0.13%,"1,687.01",0.15%,516.3,"3,274",7.98,0.47%
17.6.2021,9:59:00,W,"1,704.12","1,695.23",0.52%,"1,689.50",0.86%,53.7,"1,676",12.98,0.77%
10.6.2021,9:59:51,W,"1,688.31","1,682.25",0.36%,"1,693.51",0.31%,103.2,"1,794",13.96,0.82%
3.6.2021,9:59:54,W,"1,697.64","1,696.21",0.08%,"1,686.73",0.64%,142.3,"2,180",16.67,0.97%
27.5.2021,9:59:04,M,"1,703.32","1,712.88",0.56%,"1,706.90",0.21%,360.3,"3,536",41,2.45%
20.5.2021,9:59:43,W,"1,650.90","1,671.88",1.27%,"1,678.10",1.65%,172.6,"3,202",51.79,3.20%
13.5.2021,9:59:42,W,"1,623.19","1,620.09",0.19%,"1,640.62",1.07%,182.6,"2,069",39.36,2.37%
6.5.2021,10:02:54,W,"1,650.70","1,659.45",0.53%,"1,648.70",0.12%,91.3,"2,204",16.81,1.02%
29.4.2021,9:59:37,M,"1,632.01","1,642.64",0.65%,"1,641.76",0.60%,600.8,"2,360",6.9,0.42%
22.4.2021,9:59:05,W,"1,630.91","1,635.74",0.30%,"1,633.03",0.13%,53.3,"1,330",1.99,0.12%
13.4.2021,9:59:51,W,"1,632.86","1,633.75",0.05%,"1,631.97",0.05%,71,"1,410",3.29,0.20%
8.4.2021,9:59:14,W,"1,632.52","1,630.46",0.13%,"1,635.38",0.18%,51.4,"1,906",26.05,1.62%
1.4.2021,10:02:35,W,"1,604.62","1,604.41",0.01%,"1,610.22",0.35%,96.6,"2,902",20.13,1.27%
25.3.2021,10:07:31,M,"1,603.05","1,584.28",1.17%,"1,578.07",1.56%,606.9,"3,945",5.01,0.32%
18.3.2021,9:59:42,W,"1,585.09","1,589.29",0.26%,"1,587.28",0.14%,64.3,"2,009",1.56,0.10%
11.3.2021,9:59:41,W,"1,576.25","1,590.85",0.93%,"1,596.81",1.30%,209.5,"2,294",49.52,3.21%
4.3.2021,9:59:30,W,"1,550.60","1,541.33",0.60%,"1,538.94",0.75%,175.5,"3,011",19.3,1.24%
25.2.2021,9:59:07,M,"1,557.97","1,560.63",0.17%,"1,549.63",0.54%,532.2,"4,984",33.93,2.13%
18.2.2021,9:59:31,W,"1,603.28","1,594.56",0.54%,"1,583.25",1.25%,52.6,"1,662",24.1,1.49%
11.2.2021,9:59:17,W,"1,618.94","1,618.66",0.02%,"1,605.92",0.80%,99.1,"1,531",7.77,0.48%
4.2.2021,9:59:10,W,"1,603.12","1,610.89",0.48%,"1,600.91",0.14%,91.9,"2,046",31.59,2.00%
28.1.2021,9:59:06,M,"1,591.81","1,579.30",0.79%,"1,599.45",0.48%,623.5,"3,941",44.28,2.73%
21.1.2021,9:59:48,W,"1,631.18","1,623.58",0.47%,"1,613.29",1.10%,105.2,"2,499",35.31,2.22%
14.1.2021,9:59:53,W,"1,585.75","1,588.27",0.16%,"1,593.64",0.50%,144.8,"2,355",74.69,4.93%
7.1.2021,9:59:55,W,"1,511.66","1,513.58",0.13%,"1,540.73",1.92%,101.9,"2,306",20.66,1.38%
31.12.2020,9:59:31,W,"1,500.07","1,492.92",0.48%,"1,499.05",0.07%,72.7,"1,983",32.37,2.22%
24.12.2020,9:59:55,M,"1,445.86","1,460.55",1.02%,"1,470.36",1.69%,426.8,"4,080",16.83,1.14%
17.12.2020,9:59:50,W,"1,471.49","1,477.38",0.40%,"1,471.80",0.02%,281.4,"2,834",8.44,0.57%
10.12.2020,9:59:08,W,"1,483.40","1,468.94",0.97%,"1,472.62",0.73%,146.5,"1,933",30.84,2.14%
3.12.2020,10:06:40,W,"1,436.35","1,438.10",0.12%,"1,447.02",0.74%,199.5,"2,244",56.75,3.80%
26.11.2020,9:59:22,M,"1,467.23","1,494.85",1.88%,"1,486.38",1.31%,713.8,"4,092",67.45,4.73%
19.11.2020,9:59:46,W,"1,433.91","1,427.40",0.45%,"1,423.96",0.69%,61.1,"1,513",1.7,0.12%
12.11.2020,9:59:13,W,"1,429.14","1,425.70",0.24%,"1,418.39",0.75%,118.8,"1,546",35.46,2.55%
5.11.2020,9:59:35,W,"1,370.07","1,390.24",1.47%,"1,373.98",0.29%,118.3,"2,760",58.89,4.42%
29.10.2020,9:59:35,M,"1,311.33","1,331.35",1.53%,"1,330.18",1.44%,537.1,"4,247",14.74,1.10%
22.10.2020,9:59:23,W,"1,359.35","1,346.09",0.98%,"1,354.21",0.38%,67.1,"1,374",12.64,0.93%
15.10.2020,9:59:31,W,"1,370.38","1,358.73",0.85%,"1,358.23",0.89%,64.3,"1,477",5.42,0.40%
8.10.2020,9:59:54,W,"1,349.84","1,364.15",1.06%,"1,364.80",1.11%,67.5,"1,982",56.89,4.35%
1.10.2020,9:59:04,W,"1,308.16","1,307.26",0.07%,"1,318.93",0.82%,128,"1,714",24.42,1.90%
24.9.2020,10:02:13,M,"1,287.80","1,282.84",0.39%,"1,275.23",0.98%,550.9,"4,924",29.42,2.24%
17.9.2020,9:59:54,W,"1,332.63","1,312.26",1.53%,"1,324.17",0.63%,159.1,"2,645",0.83,0.06%
10.9.2020,9:59:58,W,"1,324.83","1,313.09",0.89%,"1,305.28",1.48%,109.1,"2,528",62.06,4.51%
3.9.2020,9:59:39,W,"1,386.91","1,375.15",0.85%,"1,340.20",3.37%,140.8,"2,522",56.19,3.93%
27.8.2020,9:59:10,M,"1,425.58","1,431.34",0.40%,"1,412.44",0.92%,440.4,"2,541",33.52,2.40%
20.8.2020,9:59:35,W,"1,414.73","1,397.82",1.20%,"1,394.71",1.42%,76.1,"2,602",23.66,1.66%
13.8.2020,9:59:26,W,"1,425.36","1,421.48",0.27%,"1,415.54",0.69%,116.4,"1,846",14.63,1.04%
6.8.2020,9:59:10,W,"1,403.07","1,406.85",0.27%,"1,403.00",0.00%,98.9,"1,592",14.29,1.03%
29.7.2020,9:59:49,M,"1,378.17","1,392.56",1.04%,"1,380.63",0.18%,547.6,"4,259",20.38,1.44%
23.7.2020,9:59:23,W,"1,398.52","1,412.94",1.03%,"1,388.27",0.73%,217.4,"2,337",16.85,1.21%
16.7.2020,9:59:33,W,"1,400.30","1,396.09",0.30%,"1,388.39",0.85%,97.2,"1,658",24.68,1.80%
9.7.2020,9:59:58,W,"1,368.82","1,371.41",0.19%,"1,361.24",0.55%,35.3,"1,446",14.44,1.04%
2.7.2020,9:59:15,W,"1,381.02","1,385.85",0.35%,"1,405.33",1.76%,91.8,"2,057",29.02,2.14%
25.6.2020,9:59:38,M,"1,364.04","1,356.83",0.53%,"1,362.68",0.10%,296.4,"3,036",76,5.30%
18.6.2020,9:59:58,W,"1,436.08","1,432.83",0.23%,"1,424.71",0.79%,94.2,"1,957",21.7,1.49%
11.6.2020,9:59:51,W,"1,469.02","1,454.53",0.99%,"1,441.37",1.88%,67.7,"2,247",29.49,2.07%
4.6.2020,9:59:42,W,"1,434.70","1,425.04",0.67%,"1,439.99",0.37%,72.6,"2,235",26.72,1.84%
27.5.2020,9:59:56,M,"1,450.69","1,451.76",0.07%,"1,440.15",0.73%,431.7,"2,564",22.95,1.61%
21.5.2020,9:59:02,W,"1,437.56","1,428.81",0.61%,"1,424.64",0.90%,47.7,"1,515",33.46,2.40%
14.5.2020,10:06:33,W,"1,416.16","1,395.35",1.47%,"1,353.88",4.40%,98.2,"2,515",24.13,1.70%
7.5.2020,9:59:00,W,"1,410.87","1,419.48",0.61%,"1,434.95",1.71%,51.9,"1,655",49.15,3.35%
30.4.2020,10:07:04,W,"1,415.35","1,468.63",3.76%,"1,425.81",0.74%,154.5,"4,122",113.64,8.39%
23.4.2020,9:59:48,M,"1,343.64","1,354.99",0.84%,"1,368.15",1.82%,"1,109.40","3,793",0.04,0.00%
16.4.2020,10:06:10,W,"1,347.19","1,354.95",0.58%,"1,324.22",1.71%,77.8,"3,559",26.58,2.00%
7.4.2020,10:06:27,W,"1,302.93","1,328.37",1.95%,"1,337.04",2.62%,105.6,"2,818",35.13,2.72%
2.4.2020,9:59:53,W,"1,284.15","1,293.24",0.71%,"1,268.93",1.19%,108.5,"1,943",52.12,4.20%
26.3.2020,10:02:22,M,"1,243.70","1,241.12",0.21%,"1,281.24",3.02%,"1,384.00","3,976",60.78,5.15%
19.3.2020,9:59:13,W,"1,181.97","1,180.34",0.14%,"1,230.31",4.09%,41.2,"1,656",61.46,4.95%
12.3.2020,10:35:05,W,"1,319.90","1,241.80",5.92%,"1,251.56",5.18%,252.3,"2,882",324.18,20.70%
5.3.2020,9:59:21,W,"1,565.65","1,565.98",0.02%,"1,538.09",1.76%,151.5,"2,346",93.46,5.63%
27.2.2020,9:59:56,M,"1,678.02","1,659.44",1.11%,"1,601.81",4.54%,787,"3,338",77.5,4.46%
20.2.2020,9:59:30,W,"1,734.11","1,736.94",0.16%,"1,725.09",0.52%,92.8,"1,887",6.23,0.36%
13.2.2020,9:59:14,W,"1,751.79","1,743.17",0.49%,"1,730.11",1.24%,174.2,"1,667",11.55,0.67%
6.2.2020,10:02:23,W,"1,714.80","1,731.62",0.98%,"1,727.06",0.71%,263.5,"3,326",43.46,2.57%
30.1.2020,9:45:53,M,"1,701.33","1,688.16",0.77%,"1,690.88",0.61%,990.2,"3,540",48.17,2.77%
23.1.2020,9:45:46,W,"1,739.34","1,736.33",0.17%,"1,735.88",0.20%,262.2,"1,998",26.36,1.54%
16.1.2020,9:45:39,W,"1,706.10","1,709.97",0.23%,"1,718.34",0.72%,146.2,"1,945",31.43,1.87%
9.1.2020,9:45:05,W,"1,676.39","1,678.54",0.13%,"1,678.86",0.15%,71.3,"1,215",5.69,0.34%
2.1.2020,9:45:46,W,"1,685.50","1,684.23",0.08%,"1,693.80",0.49%,157.5,"2,121",0.17,0.01%
26.12.2019,9:45:16,M,"1,691.79","1,684.06",0.46%,"1,685.49",0.37%,"1,370.50","4,207",2.06,0.12%
19.12.2019,9:45:23,W,"1,686.76","1,682.00",0.28%,"1,677.56",0.55%,100.2,"2,024",3.53,0.21%
12.12.2019,9:45:25,W,"1,690.26","1,685.53",0.28%,"1,691.56",0.08%,65.7,"1,524",10.59,0.62%
5.12.2019,9:45:00,W,"1,681.77","1,696.12",0.85%,"1,677.68",0.24%,160.7,"1,865",1.42,0.08%
28.11.2019,9:45:43,M,"1,690.46","1,694.70",0.25%,"1,702.52",0.71%,798.4,"4,005",28.67,1.72%
21.11.2019,9:45:17,W,"1,665.36","1,666.03",0.04%,"1,658.13",0.43%,184.1,"1,611",1.51,0.09%
14.11.2019,9:45:42,W,"1,658.65","1,667.54",0.54%,"1,664.07",0.33%,67,"1,949",2.56,0.15%
7.11.2019,9:45:06,W,"1,664.04","1,670.10",0.36%,"1,668.76",0.28%,135.8,"1,922",20.44,1.24%
31.10.2019,9:45:05,W,"1,653.10","1,649.66",0.21%,"1,654.13",0.06%,224.6,"1,697",14.43,0.87%
24.10.2019,9:45:15,M,"1,653.06","1,664.09",0.67%,"1,653.18",0.01%,551.7,"2,907",21.8,1.33%
17.10.2019,9:45:21,W,"1,650.62","1,642.29",0.50%,"1,648.74",0.11%,81.6,"1,461",34.29,2.13%
10.10.2019,9:52:21,W,"1,613.25","1,608.00",0.33%,"1,611.46",0.11%,93.4,"2,293",1.87,0.12%
3.10.2019,9:45:13,W,"1,602.89","1,606.13",0.20%,"1,589.87",0.81%,120.9,"2,182",22.26,1.37%
26.9.2019,9:45:51,M,"1,605.25","1,628.39",1.44%,"1,615.48",0.64%,"1,126.10","4,984",11.58,0.72%
19.9.2019,9:45:20,W,"1,616.59","1,616.81",0.01%,"1,621.49",0.30%,126.6,"1,429",2.71,0.17%
12.9.2019,9:45:53,W,"1,605.23","1,614.10",0.55%,"1,615.61",0.65%,197.7,"2,030",48.14,3.07%
5.9.2019,9:45:23,W,"1,558.45","1,565.96",0.48%,"1,562.28",0.25%,320.3,"2,309",2.06,0.13%
29.8.2019,10:03:33,M,"1,539.45","1,563.90",1.59%,"1,561.98",1.46%,"1,174.70","5,026",18.98,1.20%
22.8.2019,9:45:18,W,"1,591.28","1,582.88",0.53%,"1,595.05",0.24%,62.4,"1,766",18.92,1.21%
15.8.2019,9:45:30,W,"1,564.42","1,563.96",0.03%,"1,553.21",0.72%,102.6,"1,736",50.03,3.10%
8.8.2019,9:52:27,W,"1,584.84","1,613.99",1.84%,"1,614.53",1.87%,152.6,"2,272",4.39,0.27%
1.8.2019,9:45:12,W,"1,624.42","1,618.38",0.37%,"1,631.09",0.41%,45.7,"1,067",1.79,0.11%
25.7.2019,9:45:00,M,"1,610.49","1,620.17",0.60%,"1,609.52",0.06%,845.2,"2,690",49.83,3.17%
18.7.2019,9:45:22,W,"1,574.62","1,570.34",0.27%,"1,564.30",0.66%,148.6,"1,668",36.21,2.25%
11.7.2019,9:45:10,W,"1,604.05","1,606.55",0.16%,"1,597.67",0.40%,71.3,"1,320",2.49,0.16%
4.7.2019,9:45:34,W,"1,601.59","1,604.06",0.15%,"1,606.35",0.30%,109.7,"1,311",23.41,1.48%
27.6.2019,9:45:56,M,"1,573.37","1,580.65",0.46%,"1,579.05",0.36%,981.3,"3,410",2.73,0.17%
20.6.2019,9:45:06,W,"1,566.67","1,577.92",0.72%,"1,576.19",0.61%,183.3,"1,940",35.11,2.28%
13.6.2019,9:45:11,W,"1,542.77","1,542.81",0.00%,"1,557.95",0.98%,102.8,"1,782",10.02,0.65%
6.6.2019,9:45:43,W,"1,545.47","1,552.83",0.48%,"1,541.28",0.27%,59.1,"1,720",5.24,0.34%
30.5.2019,9:52:41,M,"1,538.01","1,547.59",0.62%,"1,544.44",0.42%,468.8,"3,178",28.48,1.81%
23.5.2019,9:45:51,W,"1,581.82","1,576.07",0.36%,"1,563.97",1.13%,106.8,"2,031",24.33,1.57%
16.5.2019,9:45:42,W,"1,543.27","1,551.74",0.55%,"1,569.59",1.71%,139.5,"2,596",29.84,1.89%
7.5.2019,9:45:42,W,"1,574.42","1,581.58",0.45%,"1,584.95",0.67%,92.8,"1,395",7.64,0.48%
2.5.2019,9:45:57,W,"1,598.61","1,589.22",0.59%,"1,588.41",0.64%,186.6,"2,043",17.63,1.10%
24.4.2019,9:45:45,M,"1,596.04","1,606.85",0.68%,"1,614.67",1.17%,442.9,"2,973",11.18,0.70%
18.4.2019,9:45:01,W,"1,593.51","1,595.67",0.14%,"1,584.56",0.56%,181.4,"1,668",1.72,0.11%
11.4.2019,9:45:00,W,"1,583.58","1,593.95",0.65%,"1,586.26",0.17%,176.5,"1,684",37.6,2.42%
4.4.2019,9:45:35,W,"1,558.74","1,556.35",0.15%,"1,549.93",0.57%,237.7,"2,351",29.09,1.90%
28.3.2019,9:45:17,M,"1,543.30","1,527.26",1.04%,"1,527.35",1.03%,546.3,"3,812",30.31,1.95%
20.3.2019,9:45:01,W,"1,556.04","1,557.57",0.10%,"1,551.10",0.32%,136.7,"2,027",6.2,0.40%
14.3.2019,9:45:46,W,"1,557.91","1,551.37",0.42%,"1,552.02",0.38%,135.5,"2,495",4.4,0.28%
7.3.2019,9:45:28,W,"1,565.45","1,555.77",0.62%,"1,542.83",1.44%,125.4,"2,434",3.95,0.25%
28.2.2019,9:45:54,W,"1,563.58","1,559.72",0.25%,"1,571.21",0.49%,78.6,"1,956",22.62,1.43%
21.2.2019,9:45:18,M,"1,578.36","1,582.34",0.25%,"1,569.92",0.53%,644.6,"2,788",18.9,1.21%
14.2.2019,9:45:51,W,"1,558.62","1,563.44",0.31%,"1,556.65",0.13%,141.4,"1,805",13.43,0.87%
7.2.2019,9:45:46,W,"1,553.64","1,550.01",0.23%,"1,538.39",0.98%,95.4,"1,526",8.82,0.57%
31.1.2019,9:45:47,W,"1,546.52","1,558.83",0.80%,"1,554.14",0.49%,163.6,"1,763",30.43,1.99%
24.1.2019,9:45:10,M,"1,521.79","1,528.40",0.43%,"1,526.90",0.34%,399.2,"2,171",17.97,1.19%
17.1.2019,9:45:18,W,"1,509.68","1,510.43",0.05%,"1,511.14",0.10%,94.2,"2,213",5.25,0.35%
10.1.2019,9:45:00,W,"1,503.81","1,505.18",0.09%,"1,498.63",0.34%,98.7,"1,187",52.2,3.59%
3.1.2019,9:45:15,W,"1,463.78","1,452.98",0.74%,"1,451.27",0.85%,49.2,"1,476",30.52,2.06%
27.12.2018,9:45:48,M,"1,448.53","1,483.50",2.41%,"1,448.56",0.00%,603.4,"3,392",43.01,2.82%
20.12.2018,9:52:36,W,"1,558.85","1,526.51",2.07%,"1,526.55",2.07%,124,"2,412",60.61,3.82%
13.12.2018,9:45:11,W,"1,594.73","1,587.12",0.48%,"1,596.03",0.08%,126.5,"1,266",29.47,1.82%
6.12.2018,9:45:16,W,"1,637.52","1,616.59",1.28%,"1,596.49",2.51%,97.1,"1,879",26.27,1.60%
29.11.2018,9:45:37,M,"1,637.10","1,642.86",0.35%,"1,629.94",0.44%,512.9,"2,945",19.82,1.22%
22.11.2018,9:45:58,W,"1,619.27","1,623.04",0.23%,"1,607.54",0.72%,130.8,"1,327",17.75,1.08%
15.11.2018,9:45:50,W,"1,636.48","1,640.79",0.26%,"1,634.82",0.10%,106.9,"1,586",5.99,0.36%
8.11.2018,9:45:03,W,"1,650.85","1,646.78",0.25%,"1,657.49",0.40%,95.7,"1,321",57.71,3.63%
1.11.2018,9:45:55,W,"1,587.14","1,589.07",0.12%,"1,611.43",1.53%,116.5,"1,690",24.95,1.60%
25.10.2018,9:45:46,M,"1,591.49","1,564.12",1.72%,"1,568.27",1.46%,577.6,"2,436",42.39,2.64%
18.10.2018,9:45:28,W,"1,609.39","1,606.51",0.18%,"1,620.64",0.70%,88,"1,534",30.74,1.95%
11.10.2018,9:45:11,W,"1,605.57","1,575.77",1.86%,"1,588.91",1.04%,174.2,"2,028",67.64,4.12%
4.10.2018,10:15:08,W,"1,658.53","1,643.41",0.91%,"1,637.16",1.29%,115.7,"2,909",12.79,0.78%
27.9.2018,9:45:53,M,"1,652.42","1,630.62",1.32%,"1,642.77",0.58%,707.8,"4,128",35.64,2.14%
20.9.2018,9:53:04,W,"1,659.88","1,666.26",0.38%,"1,670.26",0.63%,88.3,"2,393",37.03,2.27%
13.9.2018,17:24:42,W,"1,633.48","1,629.23",0.26%,"1,627.84",0.35%,83.8,"1,588",0.68,0.04%
6.9.2018,9:45:56,W,"1,634.18","1,628.55",0.34%,"1,635.28",0.07%,143.9,"2,371",30.62,1.85%
30.8.2018,9:45:51,M,"1,658.65","1,659.17",0.03%,"1,666.04",0.45%,438.3,"2,245",33.96,2.09%
23.8.2018,9:45:53,W,"1,617.90","1,625.21",0.45%,"1,634.02",1.00%,72.2,"1,415",51.85,3.30%
16.8.2018,9:45:30,W,"1,564.78","1,573.36",0.55%,"1,582.79",1.15%,105.1,"1,499",15.31,0.96%
9.8.2018,9:52:00,W,"1,598.21","1,588.67",0.60%,"1,589.84",0.52%,162,"1,683",4.95,0.31%
2.8.2018,9:45:04,W,"1,587.03","1,583.72",0.21%,"1,578.00",0.57%,126,"1,311",2.12,0.13%
26.7.2018,9:45:37,M,"1,569.32","1,581.60",0.78%,"1,577.70",0.53%,502.4,"3,433",37.18,2.41%
19.7.2018,9:45:29,W,"1,548.48","1,544.42",0.26%,"1,544.13",0.28%,60.4,"1,593",1.52,0.10%
12.7.2018,9:45:34,W,"1,540.20","1,545.94",0.37%,"1,549.70",0.62%,61.2,"1,457",19.65,1.29%
5.7.2018,9:45:23,W,"1,525.69","1,526.29",0.04%,"1,523.75",0.13%,46.4,"1,298",5.33,0.35%
28.6.2018,9:45:28,M,"1,530.25","1,520.96",0.61%,"1,516.83",0.88%,360.2,"1,909",18.33,1.19%
21.6.2018,9:52:18,W,"1,537.01","1,539.29",0.15%,"1,528.47",0.56%,114.5,"1,429",5.7,0.37%
14.6.2018,9:45:04,W,"1,540.30","1,533.59",0.44%,"1,542.16",0.12%,69.4,"1,125",1.1,0.07%
7.6.2018,9:45:56,W,"1,527.31","1,534.69",0.48%,"1,532.15",0.32%,113.3,"1,394",17.05,1.12%
31.5.2018,9:45:20,W,"1,512.44","1,517.64",0.34%,"1,512.01",0.03%,99.9,"1,424",8.06,0.53%
24.5.2018,9:48:47,M,"1,511.50","1,525.70",0.94%,"1,516.32",0.32%,833.6,"3,559",20.45,1.36%
17.5.2018,9:45:23,W,"1,502.42","1,505.25",0.19%,"1,516.37",0.93%,66.7,"1,750",31.64,2.15%
10.5.2018,9:52:57,W,"1,469.98","1,473.61",0.25%,"1,472.19",0.15%,65.1,"1,488",1.37,0.09%
3.5.2018,9:45:58,W,"1,476.20","1,474.98",0.08%,"1,468.91",0.49%,100,"1,787",3.22,0.22%
26.4.2018,9:45:44,M,"1,459.83","1,471.76",0.82%,"1,466.89",0.48%,409.4,"2,499",14.37,0.97%
17.4.2018,9:45:14,W,"1,476.26","1,486.13",0.67%,"1,484.42",0.55%,55.9,"1,394",37.32,2.58%
12.4.2018,9:45:18,W,"1,439.44","1,448.81",0.65%,"1,461.65",1.54%,149.7,"2,072",24.8,1.74%
4.4.2018,9:45:16,W,"1,423.86","1,424.01",0.01%,"1,391.67",2.26%,35.6,"1,342",14.93,1.04%
29.3.2018,9:51:21,M,"1,434.43","1,438.94",0.31%,"1,436.22",0.12%,359.6,"2,588",38.21,2.59%
22.3.2018,9:45:33,W,"1,483.42","1,477.15",0.42%,"1,470.44",0.88%,117.6,"1,224",29.05,1.93%
15.3.2018,9:48:17,W,"1,499.11","1,506.20",0.47%,"1,504.95",0.39%,158.1,"2,384",22.28,1.50%
8.3.2018,9:45:53,W,"1,479.48","1,483.92",0.30%,"1,481.35",0.13%,116.8,"1,678",21.98,1.46%
28.2.2018,9:45:09,W,"1,511.06","1,505.90",0.34%,"1,500.56",0.69%,117.9,"1,556",7.15,0.48%
22.2.2018,9:45:31,M,"1,502.25","1,498.75",0.23%,"1,499.34",0.19%,566.6,"2,761",8.38,0.56%
15.2.2018,9:52:41,W,"1,474.78","1,490.37",1.06%,"1,490.20",1.05%,168.3,"2,178",5.17,0.35%
8.2.2018,9:45:40,W,"1,497.33","1,495.54",0.12%,"1,478.52",1.26%,199.6,"2,118",50.4,3.26%
1.2.2018,9:45:21,W,"1,547.55","1,545.94",0.10%,"1,540.28",0.47%,116.1,"1,594",10.5,0.68%
25.1.2018,9:45:12,M,"1,538.76","1,535.44",0.22%,"1,543.13",0.28%,882.1,"2,441",8.03,0.52%
18.1.2018,9:45:17,W,"1,535.30","1,543.47",0.53%,"1,533.58",0.11%,102,"1,768",27.37,1.81%
11.1.2018,9:45:37,W,"1,516.89","1,516.10",0.05%,"1,531.65",0.97%,153.6,"2,070",11.08,0.73%
4.1.2018,9:45:51,W,"1,525.77","1,527.18",0.09%,"1,535.89",0.66%,269.7,"2,760",15.68,1.04%
28.12.2017,9:45:44,M,"1,506.40","1,511.50",0.34%,"1,512.48",0.40%,548,"2,973",34.84,2.36%
21.12.2017,9:45:40,W,"1,478.37","1,476.66",0.12%,"1,486.94",0.58%,92.4,"1,524",16.69,1.14%
14.12.2017,9:45:36,W,"1,457.83","1,459.97",0.15%,"1,461.34",0.24%,287,"2,615",14.39,1.00%
7.12.2017,9:45:42,W,"1,448.41","1,445.58",0.20%,"1,445.68",0.19%,189.8,"2,106",11.58,0.79%
30.11.2017,9:45:55,W,"1,449.28","1,457.16",0.54%,"1,455.32",0.42%,121.5,"1,910",41.25,2.91%
23.11.2017,10:10:36,M,"1,417.72","1,415.91",0.13%,"1,432.71",1.06%,603.4,"2,751",9.38,0.67%
16.11.2017,9:45:31,W,"1,400.05","1,406.53",0.46%,"1,405.60",0.40%,185.3,"1,757",17.15,1.20%
9.11.2017,9:53:23,W,"1,419.14","1,423.68",0.32%,"1,417.35",0.13%,311.4,"2,419",14.19,0.99%
2.11.2017,9:45:29,W,"1,442.90","1,437.87",0.35%,"1,427.62",1.06%,57.2,"1,413",2.17,0.15%
26.10.2017,9:45:49,M,"1,437.58","1,440.04",0.17%,"1,438.18",0.04%,380.4,"3,154",5.05,0.35%
19.10.2017,9:45:43,W,"1,447.39","1,445.09",0.16%,"1,435.56",0.82%,66.5,"2,096",0.83,0.06%
10.10.2017,9:45:07,W,"1,444.89","1,445.92",0.07%,"1,441.19",0.26%,40.6,"1,176",14.13,0.99%
3.10.2017,9:45:49,W,"1,429.88","1,431.79",0.13%,"1,432.90",0.21%,34.2,"1,118",4.22,0.30%
28.9.2017,9:45:10,M,"1,418.85","1,427.57",0.61%,"1,421.04",0.15%,682.1,"3,042",4.47,0.31%
19.9.2017,9:45:08,W,"1,424.96","1,423.10",0.13%,"1,419.90",0.36%,67.4,"1,362",6.12,0.43%
14.9.2017,9:45:49,W,"1,417.91","1,416.98",0.07%,"1,415.46",0.17%,122.8,"2,069",22.77,1.63%
7.9.2017,9:45:31,W,"1,393.31","1,394.21",0.06%,"1,388.09",0.37%,71.5,"1,677",2.06,0.15%
31.8.2017,9:45:02,W,"1,390.99","1,396.27",0.38%,"1,400.94",0.72%,40.9,"1,177",0.98,0.07%
24.8.2017,9:45:27,M,"1,395.75","1,395.29",0.03%,"1,396.08",0.02%,735.6,"2,882",1.04,0.07%
17.8.2017,9:45:07,W,"1,399.13","1,396.33",0.20%,"1,394.49",0.33%,134.8,"1,449",49.62,3.68%
10.8.2017,9:45:20,W,"1,376.87","1,346.71",2.19%,"1,363.50",0.97%,246.1,"3,520",88.83,6.19%
3.8.2017,9:45:30,W,"1,439.23","1,435.54",0.26%,"1,417.24",1.53%,98.4,"1,816",22.21,1.52%
27.7.2017,9:45:29,M,"1,453.64","1,457.75",0.28%,"1,451.48",0.15%,276.7,"2,022",1.31,0.09%
20.7.2017,9:45:03,W,"1,455.44","1,459.06",0.25%,"1,458.12",0.18%,82.6,"1,273",12.58,0.87%
13.7.2017,9:45:39,W,"1,442.12","1,446.48",0.30%,"1,456.12",0.97%,97.8,"1,965",13.56,0.95%
6.7.2017,9:45:44,W,"1,433.19","1,432.92",0.02%,"1,428.36",0.34%,112.5,"1,614",12.46,0.86%
29.6.2017,9:48:31,M,"1,436.23","1,445.38",0.64%,"1,433.63",0.18%,754.1,"4,262",2.31,0.16%
22.6.2017,9:45:58,W,"1,439.32","1,443.07",0.26%,"1,438.22",0.08%,118.6,"3,247",15.2,1.06%
15.6.2017,9:45:33,W,"1,428.98","1,427.87",0.08%,"1,423.62",0.38%,119.8,"2,744",1.6,0.11%
8.6.2017,9:45:20,W,"1,427.42","1,426.27",0.08%,"1,425.70",0.12%,149.7,"2,028",7.55,0.53%
1.6.2017,9:45:18,W,"1,419.36","1,418.72",0.05%,"1,421.14",0.13%,151.8,"2,397",3.09,0.22%
25.5.2017,9:45:28,M,"1,418.55","1,421.81",0.23%,"1,423.35",0.34%,668.2,"3,288",0.17,0.01%
18.5.2017,10:20:09,W,"1,419.73","1,421.98",0.16%,"1,412.19",0.53%,174.6,"2,221",5.34,0.37%
11.5.2017,9:45:51,W,"1,420.11","1,427.32",0.51%,"1,422.53",0.17%,37.1,"1,416",19.28,1.37%
4.5.2017,9:45:51,W,"1,403.50","1,408.04",0.32%,"1,409.95",0.46%,93.9,"1,896",1.92,0.14%
27.4.2017,9:45:39,M,"1,410.75","1,406.12",0.33%,"1,405.45",0.38%,390.3,"2,251",17.88,1.29%
20.4.2017,9:45:15,W,"1,389.29","1,388.24",0.08%,"1,393.14",0.28%,58.7,"1,355",4,0.29%
13.4.2017,9:45:02,W,"1,394.12","1,392.24",0.13%,"1,378.66",1.11%,56,"1,522",7.6,0.54%
6.4.2017,9:45:00,W,"1,409.90","1,399.84",0.71%,"1,400.30",0.68%,133.7,"1,979",9.85,0.71%
30.3.2017,9:45:30,M,"1,400.48","1,389.99",0.75%,"1,397.38",0.22%,776.3,"3,915",19.66,1.39%
23.3.2017,10:12:27,W,"1,416.01","1,409.65",0.45%,"1,415.99",0.00%,87.3,"1,633",40.06,2.76%
16.3.2017,9:45:05,W,"1,438.12","1,449.71",0.81%,"1,426.86",0.78%,46.1,"1,405",16.11,1.12%
9.3.2017,9:45:06,W,"1,438.81","1,433.60",0.36%,"1,439.21",0.03%,152,"1,909",14.26,0.98%
2.3.2017,9:45:11,W,"1,445.01","1,447.86",0.20%,"1,443.15",0.13%,229.6,"1,807",3,0.21%
23.2.2017,9:45:07,M,"1,447.80","1,444.86",0.20%,"1,444.00",0.26%,857.2,"3,143",13.1,0.90%
16.2.2017,9:45:39,W,"1,448.51","1,457.96",0.65%,"1,452.67",0.29%,182.3,"2,002",45.74,3.24%
9.2.2017,9:45:30,W,"1,408.42","1,412.22",0.27%,"1,418.08",0.69%,113.2,"1,391",1.71,0.12%
2.2.2017,9:45:00,W,"1,419.36","1,413.93",0.38%,"1,414.40",0.35%,99.8,"1,293",12.75,0.89%
26.1.2017,9:45:00,M,"1,421.19","1,426.68",0.39%,"1,423.69",0.18%,645,"1,685",14.49,1.01%
19.1.2017,9:45:03,W,"1,439.80","1,441.17",0.10%,"1,421.47",1.27%,118.6,"1,151",10,0.69%
12.1.2017,9:45:55,W,"1,458.71","1,451.17",0.52%,"1,450.06",0.59%,68.9,"1,648",14.55,0.99%
5.1.2017,9:45:26,W,"1,464.31","1,465.72",0.10%,"1,467.83",0.24%,216.7,"1,503",2.72,0.19%
29.12.2016,9:45:49,M,"1,478.96","1,468.44",0.71%,"1,470.78",0.55%,540.4,"2,033",8.6,0.59%
22.12.2016,9:45:56,W,"1,460.20","1,459.84",0.02%,"1,463.47",0.22%,43.2,"1,039",8.32,0.57%
15.12.2016,9:45:32,W,"1,455.11","1,451.52",0.25%,"1,455.92",0.06%,105,"1,857",10.21,0.71%
8.12.2016,9:45:23,W,"1,440.64","1,441.31",0.05%,"1,445.54",0.34%,135.5,"1,884",0.86,0.06%
1.12.2016,9:45:58,W,"1,445.90","1,442.17",0.26%,"1,438.25",0.53%,136,"1,982",9.62,0.66%
24.11.2016,9:45:00,M,"1,448.49","1,451.79",0.23%,"1,450.00",0.10%,258.9,"1,502",17.8,1.24%
17.11.2016,9:45:24,W,"1,432.33","1,433.99",0.12%,"1,432.48",0.01%,79,"1,424",3.12,0.22%
10.11.2016,9:45:42,W,"1,418.61","1,437.11",1.30%,"1,424.94",0.45%,106,"1,858",53.58,3.87%
3.11.2016,10:27:10,W,"1,388.81","1,383.53",0.38%,"1,387.60",0.09%,61.9,"1,014",38.67,2.72%
27.10.2016,9:45:57,M,"1,428.94","1,422.20",0.47%,"1,423.46",0.38%,381.5,"2,023",7.65,0.54%
20.10.2016,9:45:29,W,"1,429.85","1,429.85",0.00%,"1,429.76",0.01%,53.4,"1,121",0.69,0.05%
13.10.2016,9:45:16,W,"1,442.95","1,429.16",0.96%,"1,416.23",1.85%,67.9,"1,474",14.15,0.98%
6.10.2016,9:45:06,W,"1,440.42","1,443.31",0.20%,"1,435.24",0.36%,63.2,941,8.62,0.59%
29.9.2016,9:45:46,M,"1,450.90","1,451.93",0.07%,"1,442.93",0.55%,889.5,"2,750",1.15,0.08%
22.9.2016,9:45:35,W,"1,439.53","1,453.08",0.94%,"1,461.56",1.53%,65.2,"1,261",23.43,1.64%
15.9.2016,9:45:08,W,"1,432.28","1,429.65",0.18%,"1,434.60",0.16%,77.3,"1,448",35.14,2.40%
8.9.2016,9:45:39,W,"1,461.51","1,464.79",0.22%,"1,458.46",0.21%,96.7,"1,525",17.22,1.19%
1.9.2016,9:45:12,W,"1,447.01","1,447.57",0.04%,"1,445.08",0.13%,40.8,"1,024",2.45,0.17%
25.8.2016,9:45:04,M,"1,467.88","1,445.12",1.55%,"1,453.84",0.96%,387,"2,405",23.11,1.57%
18.8.2016,9:45:50,W,"1,465.03","1,468.23",0.22%,"1,468.41",0.23%,35.6,"1,012",3.29,0.22%
11.8.2016,9:45:11,W,"1,462.70","1,471.52",0.60%,"1,467.44",0.32%,89.9,"1,260",19.93,1.37%
4.8.2016,9:45:06,W,"1,450.23","1,451.59",0.09%,"1,456.41",0.43%,42.5,"1,154",11.27,0.77%
28.7.2016,9:45:44,M,"1,458.58","1,462.86",0.29%,"1,452.07",0.45%,486.2,"1,759",6.69,0.46%
21.7.2016,9:45:10,W,"1,468.32","1,469.55",0.08%,"1,467.68",0.04%,42.7,879,15.68,1.08%
14.7.2016,9:45:58,W,"1,449.26","1,453.87",0.32%,"1,460.97",0.81%,124.2,"1,272",49.59,3.53%
7.7.2016,9:45:46,W,"1,398.10","1,404.28",0.44%,"1,412.44",1.03%,70,"1,279",5.04,0.36%
30.6.2016,9:45:31,W,"1,399.53","1,399.24",0.02%,"1,397.95",0.11%,40.9,956,37.32,2.60%
23.6.2016,9:45:44,M,"1,433.58","1,436.56",0.21%,"1,432.64",0.07%,812.6,"2,320",33.31,2.37%
16.6.2016,9:45:41,W,"1,420.30","1,403.25",1.20%,"1,408.68",0.82%,66.6,"1,281",29.91,2.09%
9.6.2016,9:45:15,W,"1,439.51","1,433.16",0.44%,"1,430.44",0.63%,90.7,"1,873",5.08,0.35%
2.6.2016,9:45:10,W,"1,440.45","1,438.24",0.15%,"1,444.86",0.31%,77.1,"1,115",9.66,0.68%
26.5.2016,9:51:52,M,"1,440.69","1,428.58",0.84%,"1,430.50",0.71%,663.5,"2,424",22.08,1.57%
19.5.2016,9:45:10,W,"1,410.36","1,406.50",0.27%,"1,398.45",0.84%,83.4,"1,297",7.06,0.50%
10.5.2016,9:45:11,W,"1,410.14","1,413.56",0.24%,"1,420.90",0.76%,86.1,"1,230",1.51,0.11%
5.5.2016,9:45:00,W,"1,406.31","1,415.07",0.62%,"1,410.84",0.32%,96.5,"1,137",25.85,1.79%
27.4.2016,9:45:44,M,"1,463.89","1,440.92",1.57%,"1,438.66",1.72%,629.4,"3,790",60.82,4.05%
21.4.2016,9:45:00,W,"1,498.60","1,501.74",0.21%,"1,496.41",0.15%,73.8,"1,234",27.77,1.88%
14.4.2016,9:45:38,W,"1,467.11","1,473.97",0.47%,"1,474.23",0.49%,165.8,"1,701",20.86,1.44%
7.4.2016,9:45:22,W,"1,443.92","1,453.11",0.64%,"1,443.50",0.03%,64.2,"1,306",1.92,0.13%
31.3.2016,9:45:16,W,"1,462.52","1,455.03",0.51%,"1,450.39",0.83%,86.5,"1,588",40.68,2.72%
23.3.2016,9:45:36,M,"1,488.35","1,495.71",0.49%,"1,485.90",0.16%,418.8,"2,189",0.85,0.06%
17.3.2016,10:10:26,W,"1,488.76","1,494.86",0.41%,"1,483.21",0.37%,101.1,"1,448",22.03,1.50%
10.3.2016,9:45:11,W,"1,466.47","1,472.83",0.43%,"1,478.61",0.83%,71.5,"1,279",14.03,0.96%
3.3.2016,9:45:51,W,"1,447.89","1,458.80",0.75%,"1,449.75",0.13%,110.6,"2,288",27.36,1.91%
25.2.2016,9:45:51,M,"1,420.76","1,431.44",0.75%,"1,427.09",0.45%,554.9,"2,324",14.15,0.98%
18.2.2016,9:45:55,W,"1,429.96","1,445.59",1.09%,"1,418.22",0.82%,68,"1,612",42.87,3.06%
11.2.2016,9:52:32,W,"1,422.49","1,402.72",1.39%,"1,383.34",2.75%,97.9,"2,175",60.62,4.14%
4.2.2016,9:51:54,W,"1,448.10","1,463.34",1.05%,"1,454.56",0.45%,41.7,"1,271",12.22,0.84%
28.1.2016,9:45:43,M,"1,447.85","1,451.12",0.23%,"1,452.17",0.30%,862.8,"1,724",23.67,1.66%
21.1.2016,9:45:14,W,"1,433.58","1,427.45",0.43%,"1,439.99",0.45%,85.5,"1,575",51.45,3.48%
14.1.2016,9:45:13,W,"1,497.78","1,478.90",1.26%,"1,454.40",2.90%,77.4,"1,423",24.01,1.60%
7.1.2016,9:45:24,W,"1,523.41","1,502.91",1.35%,"1,493.97",1.93%,142.9,"1,705",25.04,1.64%
31.12.2015,9:45:14,W,"1,527.96","1,527.95",0.00%,"1,528.74",0.05%,71.8,993,21.28,1.41%
24.12.2015,9:45:00,M,"1,498.00","1,506.67",0.58%,"1,517.44",1.30%,426,"2,272",7.27,0.48%
17.12.2015,9:45:48,W,"1,501.65","1,513.94",0.82%,"1,519.08",1.16%,150.3,"2,151",28,1.82%
10.12.2015,9:45:25,W,"1,544.41","1,541.94",0.16%,"1,533.22",0.72%,159.1,"1,298",26.91,1.72%
3.12.2015,9:45:05,W,"1,575.40","1,568.85",0.42%,"1,561.17",0.90%,80.2,"1,200",13.19,0.85%
26.11.2015,9:45:48,M,"1,560.23","1,555.66",0.29%,"1,561.49",0.08%,612.8,"2,882",29.62,1.87%
19.11.2015,9:45:12,W,"1,569.26","1,585.28",1.02%,"1,573.66",0.28%,75.2,"1,181",14.5,0.92%
12.11.2015,9:45:39,W,"1,574.12","1,570.78",0.21%,"1,557.49",1.06%,51.3,"1,090",14.05,0.89%
5.11.2015,9:45:51,W,"1,583.00","1,584.83",0.12%,"1,581.79",0.08%,36,768,11.09,0.70%
29.10.2015,9:45:26,M,"1,566.15","1,573.74",0.48%,"1,573.54",0.47%,395.9,"1,527",31.16,2.02%
22.10.2015,9:45:28,W,"1,547.47","1,542.58",0.32%,"1,545.29",0.14%,88,964,21.12,1.39%
15.10.2015,9:45:00,W,"1,510.37","1,521.46",0.73%,"1,527.07",1.11%,112.8,"1,353",11.28,0.74%
8.10.2015,9:45:17,W,"1,534.86","1,532.74",0.14%,"1,519.72",0.99%,83.1,"1,074",39.75,2.66%
1.10.2015,9:45:27,W,"1,490.98","1,492.99",0.13%,"1,488.54",0.16%,102.9,"1,371",50.28,3.26%
24.9.2015,9:53:14,M,"1,579.34","1,543.27",2.28%,"1,524.08",3.50%,923.9,"3,432",56.42,3.53%
17.9.2015,9:45:30,W,"1,595.26","1,599.69",0.28%,"1,594.83",0.03%,45.6,"1,038",10.99,0.69%
10.9.2015,9:45:30,W,"1,598.16","1,588.70",0.59%,"1,593.67",0.28%,90.1,862,17.02,1.06%
3.9.2015,9:45:19,W,"1,592.33","1,605.72",0.84%,"1,606.26",0.87%,60.3,"1,081",1.39,0.09%
27.8.2015,9:45:18,M,"1,591.19","1,604.33",0.83%,"1,596.56",0.34%,803,"2,563",103.03,6.03%
20.8.2015,9:45:37,W,"1,708.71","1,707.36",0.08%,"1,695.11",0.80%,75.1,"1,138",8.01,0.47%
13.8.2015,9:45:40,W,"1,700.38","1,715.37",0.88%,"1,711.66",0.66%,292.3,"1,469",6.88,0.40%
6.8.2015,9:45:00,W,"1,723.56","1,722.25",0.08%,"1,716.65",0.40%,116.4,"1,088",6.64,0.38%
30.7.2015,9:45:22,M,"1,717.72","1,728.89",0.65%,"1,712.61",0.30%,808.7,"2,901",24.78,1.45%
23.7.2015,9:45:47,W,"1,701.19","1,704.11",0.17%,"1,702.05",0.05%,64.2,929,15.43,0.91%
16.7.2015,9:45:40,W,"1,685.41","1,688.68",0.19%,"1,694.07",0.51%,111.2,"1,254",39.41,2.39%
9.7.2015,9:45:45,W,"1,641.05","1,649.27",0.50%,"1,658.06",1.04%,87.7,"1,325",19.07,1.14%
2.7.2015,9:45:07,W,"1,673.69","1,668.34",0.32%,"1,663.90",0.58%,101.7,"1,214",1.2,0.07%
25.6.2015,9:45:55,M,"1,682.32","1,669.54",0.76%,"1,671.33",0.65%,"1,150.00","3,508",11.9,0.71%
18.6.2015,9:45:10,W,"1,688.12","1,681.44",0.40%,"1,684.90",0.19%,89.8,"1,440",9.32,0.55%
11.6.2015,9:45:41,W,"1,686.02","1,690.76",0.28%,"1,697.13",0.66%,137.1,"1,681",5.46,0.32%
4.6.2015,9:45:41,W,"1,704.92","1,696.22",0.51%,"1,696.74",0.48%,198.1,"2,450",12.61,0.75%
28.5.2015,9:57:03,M,"1,686.78","1,683.61",0.19%,"1,677.03",0.58%,"1,100.60","3,592",21.29,1.25%
21.5.2015,9:45:15,W,"1,705.94","1,704.90",0.06%,"1,715.58",0.57%,157.3,"1,389",44.44,2.68%
14.5.2015,9:45:15,W,"1,659.22","1,660.46",0.07%,"1,658.69",0.03%,76.6,"1,259",38.52,2.37%
7.5.2015,9:45:22,W,"1,622.31","1,621.94",0.02%,"1,632.78",0.65%,98.3,"1,262",18.87,1.15%
30.4.2015,9:45:25,W,"1,648.56","1,640.81",0.47%,"1,644.85",0.23%,162,"2,031",34.37,2.05%
21.4.2015,9:45:28,M,"1,679.46","1,675.18",0.25%,"1,683.35",0.23%,981.7,"3,489",15.18,0.90%
16.4.2015,9:45:52,W,"1,686.60","1,690.36",0.22%,"1,686.31",0.02%,101,"1,435",35.26,2.13%
8.4.2015,9:45:00,W,"1,660.75","1,655.10",0.34%,"1,650.84",0.60%,78.5,"1,032",21.25,1.30%
2.4.2015,9:45:08,W,"1,630.83","1,633.85",0.19%,"1,640.87",0.62%,55.3,"1,030",41.49,2.61%
26.3.2015,9:45:36,M,"1,611.44","1,592.36",1.18%,"1,594.18",1.07%,975.8,"2,957",13.76,0.87%
19.3.2015,9:45:17,W,"1,578.90","1,578.60",0.02%,"1,601.20",1.41%,90.2,"1,381",16.52,1.06%
12.3.2015,9:45:21,W,"1,561.81","1,562.08",0.02%,"1,565.75",0.25%,91.2,"1,547",29.02,1.89%
4.3.2015,9:45:39,W,"1,526.59","1,533.06",0.42%,"1,529.78",0.21%,133.9,"1,989",18.08,1.19%
26.2.2015,9:45:34,M,"1,508.50","1,514.98",0.43%,"1,517.94",0.63%,688.5,"2,814",29.9,2.01%
19.2.2015,9:45:49,W,"1,483.67","1,485.08",0.10%,"1,485.78",0.14%,106.9,"1,794",32.68,2.25%
12.2.2015,9:45:08,W,"1,457.47","1,452.40",0.35%,"1,452.46",0.34%,55.9,"1,003",5.42,0.37%
5.2.2015,9:45:58,W,"1,457.18","1,457.82",0.04%,"1,461.33",0.28%,59.3,"1,619",11.6,0.80%
29.1.2015,9:45:56,M,"1,453.17","1,446.22",0.48%,"1,447.85",0.37%,676.8,"2,121",15.71,1.07%
22.1.2015,9:45:35,W,"1,458.76","1,461.93",0.22%,"1,455.66",0.21%,79.9,"1,244",10.1,0.69%
15.1.2015,9:45:46,W,"1,465.44","1,472.03",0.45%,"1,463.33",0.14%,129,"1,948",8.05,0.55%
8.1.2015,9:45:00,W,"1,462.16","1,463.98",0.12%,"1,469.58",0.51%,119.1,"1,298",3.86,0.26%
1.1.2015,9:45:21,W,"1,464.99","1,460.12",0.33%,"1,461.97",0.21%,52.7,958,0.61,0.04%
25.12.2014,9:45:02,M,"1,460.03","1,460.73",0.05%,"1,464.59",0.31%,561.9,"1,734",15.42,1.04%
18.12.2014,9:45:25,W,"1,468.20","1,476.15",0.54%,"1,481.88",0.93%,96.8,"1,293",1.41,0.10%
11.12.2014,9:45:07,W,"1,481.05","1,477.56",0.24%,"1,487.81",0.46%,71.4,928,5.78,0.39%
4.12.2014,9:45:50,W,"1,478.84","1,483.34",0.30%,"1,485.23",0.43%,108.3,"1,419",11.22,0.76%
27.11.2014,10:04:28,M,"1,470.36","1,472.12",0.12%,"1,477.59",0.49%,575.6,"2,396",16.52,1.13%
20.11.2014,9:45:26,W,"1,451.74","1,455.60",0.27%,"1,453.26",0.10%,83.6,"1,633",7.88,0.54%
13.11.2014,9:45:33,W,"1,444.95","1,447.72",0.19%,"1,445.78",0.06%,44.7,"1,019",0.09,0.01%
6.11.2014,9:45:30,W,"1,450.95","1,447.63",0.23%,"1,451.11",0.01%,104.7,809,23.39,1.64%
30.10.2014,9:45:27,M,"1,434.03","1,424.24",0.68%,"1,424.37",0.67%,967.6,"3,385",14.36,1.00%
23.10.2014,9:45:11,W,"1,443.53","1,438.60",0.34%,"1,445.83",0.16%,46.6,654,6.42,0.45%
14.10.2014,9:45:54,W,"1,444.01","1,432.18",0.82%,"1,433.24",0.75%,83,"1,280",28.54,1.95%
7.10.2014,9:45:20,W,"1,462.32","1,460.72",0.11%,"1,462.97",0.04%,164,"1,330",14.89,1.03%
2.10.2014,9:45:42,W,"1,451.27","1,445.83",0.37%,"1,451.33",0.00%,122.9,"1,322",3.75,0.26%
23.9.2014,9:45:39,M,"1,452.19","1,442.08",0.70%,"1,456.28",0.28%,415.5,"2,271",0.29,0.02%
18.9.2014,9:45:15,W,"1,439.03","1,442.37",0.23%,"1,446.96",0.55%,97.3,"1,336",13.56,0.95%
11.9.2014,9:45:22,W,"1,422.85","1,428.81",0.42%,"1,424.08",0.09%,111,"1,654",5.92,0.42%
4.9.2014,9:45:47,W,"1,420.95","1,422.89",0.14%,"1,424.32",0.24%,96.5,"1,116",10.82,0.77%
28.8.2014,9:45:33,M,"1,408.54","1,412.07",0.25%,"1,404.41",0.29%,580.9,"2,199",36.73,2.67%
21.8.2014,9:45:49,W,"1,374.34","1,375.34",0.07%,"1,379.01",0.34%,21.2,632,10.34,0.75%
14.8.2014,9:45:09,W,"1,386.02","1,385.68",0.02%,"1,389.35",0.24%,50.2,980,4.69,0.34%
7.8.2014,9:58:13,W,"1,388.88","1,390.37",0.11%,"1,386.16",0.20%,99.3,"1,013",8.56,0.61%
31.7.2014,9:45:23,W,"1,398.79","1,398.93",0.01%,"1,392.45",0.45%,118.4,"1,092",3.44,0.25%
24.7.2014,9:45:12,M,"1,396.47","1,402.37",0.42%,"1,398.24",0.13%,623,"2,554",1.1,0.08%
17.7.2014,9:45:16,W,"1,400.26","1,401.27",0.07%,"1,401.26",0.07%,80,"1,345",22.18,1.61%
10.7.2014,9:48:35,W,"1,376.30","1,379.09",0.20%,"1,371.61",0.34%,94.6,"1,774",1.68,0.12%
3.7.2014,9:45:12,W,"1,382.60","1,380.77",0.13%,"1,391.87",0.67%,99.6,"1,155",8.2,0.59%
26.6.2014,9:45:31,M,"1,388.64","1,388.97",0.02%,"1,384.36",0.31%,731.8,"2,867",16.86,1.20%
19.6.2014,9:45:38,W,"1,398.54","1,405.83",0.52%,"1,404.60",0.43%,89.5,988,3.49,0.25%
12.6.2014,9:45:43,W,"1,400.62","1,402.34",0.12%,"1,397.39",0.23%,152.8,"1,205",4.72,0.34%
5.6.2014,9:45:03,W,"1,397.73","1,397.62",0.01%,"1,400.42",0.19%,84,"1,350",1.77,0.13%
29.5.2014,9:45:05,M,"1,397.28","1,395.85",0.10%,"1,393.42",0.28%,516.9,"1,833",11.15,0.81%
22.5.2014,9:45:00,W,"1,387.91","1,384.70",0.23%,"1,389.31",0.10%,92.2,"1,109",0.05,0.00%
15.5.2014,9:45:31,W,"1,383.52","1,384.75",0.09%,"1,378.27",0.38%,88.6,"1,256",11.22,0.82%
8.5.2014,9:45:48,W,"1,367.90","1,373.53",0.41%,"1,372.18",0.31%,117.9,"1,420",1.98,0.14%
1.5.2014,9:45:07,W,"1,378.93","1,375.51",0.25%,"1,379.88",0.07%,55.3,"1,127",14.64,1.05%
24.4.2014,9:45:47,M,"1,392.49","1,390.15",0.17%,"1,389.92",0.18%,469.8,"2,363",10.7,0.76%
17.4.2014,9:45:29,W,"1,400.15","1,400.85",0.05%,"1,389.02",0.79%,109.4,"1,298",20.86,1.47%
10.4.2014,9:45:27,W,"1,414.17","1,421.71",0.53%,"1,412.52",0.12%,161.2,918,5.64,0.40%
3.4.2014,9:45:30,W,"1,414.90","1,416.07",0.08%,"1,417.77",0.20%,95.6,"1,268",17.58,1.26%
27.3.2014,9:45:50,M,"1,401.04","1,398.49",0.18%,"1,397.77",0.23%,576.3,"2,468",18.15,1.31%
20.3.2014,9:45:53,W,"1,385.73","1,380.34",0.39%,"1,383.16",0.19%,69.1,"1,082",7,0.51%
13.3.2014,9:45:00,W,"1,369.40","1,373.34",0.29%,"1,373.28",0.28%,68.8,997,6.79,0.50%
6.3.2014,10:21:40,W,"1,365.49","1,366.55",0.08%,"1,369.22",0.27%,60.7,"1,100",11.57,0.85%
27.2.2014,9:45:52,M,"1,349.05","1,354.98",0.44%,"1,350.65",0.12%,907.5,"3,280",35,2.65%
20.2.2014,9:45:03,W,"1,322.77","1,319.98",0.21%,"1,323.69",0.07%,30.3,667,14.02,1.07%
13.2.2014,9:45:01,W,"1,309.75","1,305.96",0.29%,"1,309.09",0.05%,65.4,"1,186",1.99,0.15%
6.2.2014,9:45:13,W,"1,303.25","1,303.97",0.06%,"1,307.98",0.36%,143.3,"1,193",13.79,1.07%
30.1.2014,9:45:38,M,"1,307.89","1,290.18",1.35%,"1,299.54",0.64%,936.7,"3,133",45.81,3.43%
23.1.2014,10:17:40,W,"1,331.49","1,335.99",0.34%,"1,322.02",0.71%,31.5,963,14.11,1.05%
16.1.2014,9:45:10,W,"1,352.27","1,350.10",0.16%,"1,348.95",0.25%,54.8,905,27.06,2.05%
9.1.2014,9:45:03,W,"1,327.07","1,323.04",0.30%,"1,324.17",0.22%,128.5,"1,163",12.65,0.95%
2.1.2014,9:45:36,W,"1,339.62","1,335.69",0.29%,"1,322.52",1.28%,74.3,"2,044",6.25,0.47%
26.12.2013,9:45:31,M,"1,341.85","1,329.44",0.92%,"1,333.42",0.63%,876.7,"3,373",6.89,0.52%
19.12.2013,9:45:49,W,"1,325.08","1,336.33",0.85%,"1,323.04",0.15%,89.6,"1,640",12.49,0.94%
12.12.2013,9:45:00,W,"1,342.93","1,323.84",1.42%,"1,326.92",1.19%,83.8,"1,548",41.09,3.01%
5.12.2013,9:45:41,W,"1,363.86","1,364.93",0.08%,"1,368.30",0.33%,167.1,"1,145",11.29,0.83%
28.11.2013,9:45:44,M,"1,351.96","1,353.64",0.12%,"1,358.23",0.46%,553.7,"1,902",11.61,0.87%
21.11.2013,9:45:33,W,"1,344.34","1,342.03",0.17%,"1,344.85",0.04%,31.6,882,29.86,2.28%
14.11.2013,9:45:01,W,"1,307.31","1,312.17",0.37%,"1,315.86",0.65%,31,"1,089",8.75,0.67%
7.11.2013,9:50:45,W,"1,304.96","1,303.42",0.12%,"1,310.46",0.42%,24.3,936,27.32,2.14%
31.10.2013,9:45:54,W,"1,283.08","1,276.10",0.54%,"1,288.19",0.40%,30,"1,175",17.13,1.32%
24.10.2013,9:45:47,M,"1,289.33","1,293.23",0.30%,"1,286.36",0.23%,"1,139.30","2,799",10.37,0.80%
17.10.2013,9:45:08,W,"1,307.00","1,303.60",0.26%,"1,296.65",0.79%,70.3,"1,116",16.26,1.26%
10.10.2013,9:45:52,W,"1,286.12","1,287.34",0.09%,"1,292.75",0.52%,147.5,"2,000",13.41,1.05%
3.10.2013,9:45:02,W,"1,271.97","1,273.93",0.15%,"1,257.64",1.13%,39.4,800,6.38,0.50%
24.9.2013,9:45:01,M,"1,261.54","1,267.55",0.48%,"1,256.36",0.41%,464.9,"2,337",37.46,3.05%
17.9.2013,9:45:00,W,"1,230.37","1,230.09",0.02%,"1,240.08",0.79%,41.1,"1,341",28.04,2.33%
12.9.2013,9:45:55,W,"1,200.43","1,202.05",0.13%,"1,202.81",0.20%,30.7,"1,186",14.71,1.24%
3.9.2013,9:45:58,W,"1,190.10","1,187.34",0.23%,"1,179.73",0.87%,45.2,"1,174",13.48,1.15%
29.8.2013,9:45:58,M,"1,164.69","1,173.86",0.79%,"1,178.41",1.18%,389.7,"1,333",29.45,2.45%
22.8.2013,9:45:48,W,"1,203.22","1,203.31",0.01%,"1,201.28",0.16%,21.1,845,5.56,0.46%
15.8.2013,9:48:47,W,"1,212.58","1,208.87",0.31%,"1,204.89",0.63%,37.6,999,6.12,0.51%
8.8.2013,9:45:18,W,"1,200.47","1,202.75",0.19%,"1,202.85",0.20%,29.6,764,1.58,0.13%
1.8.2013,9:45:36,W,"1,203.47","1,204.33",0.07%,"1,207.84",0.36%,134.6,"1,436",29.47,2.39%
25.7.2013,9:45:13,M,"1,234.20","1,233.80",0.03%,"1,229.24",0.40%,475.9,"1,468",9.21,0.75%
18.7.2013,9:45:52,W,"1,223.72","1,224.59",0.07%,"1,226.89",0.26%,243.6,956,9,0.74%
11.7.2013,9:45:04,W,"1,206.06","1,215.59",0.79%,"1,214.52",0.70%,224.7,"1,298",22.98,1.93%
27.6.2013,9:45:36,M,"1,193.67","1,192.61",0.09%,"1,189.67",0.34%,636.6,"3,262",37.39,3.04%
30.5.2013,9:45:00,M,"1,232.07","1,230.00",0.17%,"1,232.00",0.01%,368.4,"1,490",22.08,1.83%
25.4.2013,9:56:48,M,"1,215.02","1,207.92",0.58%,"1,205.09",0.82%,534,"3,954",32.71,2.64%
28.3.2013,9:45:30,M,"1,243.95","1,240.63",0.27%,"1,237.67",0.50%,492.5,"1,905",26.06,2.15%
21.2.2013,9:45:06,M,"1,241.90","1,214.57",2.20%,"1,218.00",1.92%,791.5,"1,842",17.63,1.47%
24.1.2013,9:56:38,M,"1,204.65","1,196.94",0.64%,"1,196.34",0.69%,"1,194.70","3,976",31.2,2.68%
27.12.2012,9:45:23,M,"1,185.92","1,165.74",1.70%,"1,184.12",0.15%,"1,463.70","3,459",60.82,4.96%
29.11.2012,10:13:46,M,"1,226.13","1,226.56",0.04%,"1,229.97",0.31%,"1,232.80","2,934",26.6,2.22%
25.10.2012,9:45:10,M,"1,202.49","1,199.96",0.21%,"1,209.74",0.60%,"1,216.90","2,581",27.75,2.37%
27.9.2012,9:55:32,M,"1,166.98","1,172.21",0.45%,"1,189.25",1.91%,934.7,"3,976",48.37,4.30%
30.8.2012,9:46:04,M,"1,120.75","1,123.84",0.28%,"1,120.58",0.02%,617.5,"2,811",40.76,3.76%
26.7.2012,9:48:04,M,"1,079.35","1,083.08",0.35%,"1,093.09",1.27%,615,"2,926",8.71,0.81%
28.6.2012,9:48:43,M,"1,066.30","1,074.37",0.76%,"1,057.63",0.81%,591.5,"2,613",25.59,2.44%
24.5.2012,9:49:03,M,"1,045.22","1,048.78",0.34%,"1,050.92",0.55%,"1,048.10","4,223",107.49,9.30%
29.3.2012,9:47:08,M,"1,145.60","1,141.46",0.36%,"1,124.85",1.81%,586.4,"2,745",32.45,2.93%
23.2.2012,9:46:00,M,"1,117.98","1,109.01",0.80%,"1,097.61",1.82%,647.3,"3,160",16.94,1.50%
26.1.2012,9:49:51,M,"1,113.74","1,125.95",1.10%,"1,130.25",1.48%,"1,052.80","4,613",36.02,3.30%
29.12.2011,9:53:45,M,"1,113.31","1,089.93",2.10%,"1,085.59",2.49%,"1,473.20","4,946",68.65,6.72%
24.11.2011,9:48:39,M,"1,029.13","1,021.28",0.76%,"1,017.64",1.12%,670.5,"3,632",152.55,13.00%
27.10.2011,9:52:17,M,"1,140.48","1,173.83",2.92%,"1,168.52",2.46%,"1,569.20","4,113",89.63,8.27%
27.9.2011,9:45:05,M,"1,062.59","1,084.20",2.03%,"1,077.79",1.43%,623.9,"2,400",31.25,2.80%
25.8.2011,9:49:57,M,"1,115.25","1,115.45",0.02%,"1,088.87",2.37%,760.9,"3,291",118.76,9.62%
28.7.2011,9:48:22,M,"1,255.04","1,234.21",1.66%,"1,232.74",1.78%,"1,070.30","3,250",8.5,0.69%
23.6.2011,9:49:50,M,"1,232.16","1,225.71",0.52%,"1,211.08",1.71%,766.1,"3,132",9.48,0.77%
26.5.2011,9:45:37,M,"1,224.17","1,235.19",0.90%,"1,237.89",1.12%,690,"2,322",101.9,7.62%
28.4.2011,9:48:32,M,"1,332.89","1,337.09",0.32%,"1,314.56",1.38%,"1,471.10","4,079",40.49,3.12%
24.3.2011,9:49:48,M,"1,284.04","1,296.60",0.98%,"1,280.44",0.28%,"1,197.00","4,336",14.61,1.14%
24.2.2011,9:45:02,M,"1,295.60","1,281.99",1.05%,"1,272.62",1.77%,"1,159.50","2,101",58.78,4.38%
27.1.2011,9:48:47,M,"1,329.31","1,340.77",0.86%,"1,332.49",0.24%,"1,363.40","3,616",14.41,1.09%
30.12.2010,9:46:52,M,"1,330.80","1,326.36",0.33%,"1,326.44",0.33%,"1,434.80","4,310",60.9,4.81%
25.11.2010,9:47:42,M,"1,262.02","1,265.46",0.27%,"1,262.42",0.03%,"1,165.40","4,192",3.81,0.30%
28.10.2010,9:48:16,M,"1,258.85","1,261.65",0.22%,"1,270.38",0.92%,868.7,"3,273",31.9,2.59%
21.9.2010,9:46:30,M,"1,204.50","1,229.75",2.10%,"1,227.19",1.88%,"1,239.50","4,230",94.41,8.32%
26.8.2010,9:45:37,M,"1,127.07","1,135.34",0.73%,"1,139.80",1.13%,758.3,"2,009",18.88,1.69%
29.7.2010,9:47:49,M,"1,120.55","1,116.46",0.36%,"1,118.59",0.17%,"1,139.90","4,202",0.55,0.05%
24.6.2010,9:49:12,M,"1,117.65","1,117.01",0.06%,"1,093.65",2.15%,"1,058.30","2,509",6.05,0.54%
27.5.2010,9:45:56,M,"1,107.12","1,110.96",0.35%,"1,103.84",0.30%,"1,114.30","3,244",60.8,5.19%
29.4.2010,9:48:46,M,"1,185.99","1,171.76",1.20%,"1,164.23",1.83%,"1,275.90","4,696",56.23,4.58%
25.3.2010,9:49:32,M,"1,225.44","1,227.99",0.21%,"1,231.30",0.48%,"1,208.60","4,048",49.45,4.20%
25.2.2010,9:46:01,M,"1,172.34","1,178.54",0.53%,"1,159.61",1.09%,904.6,"3,113",43.62,3.84%
28.1.2010,9:48:28,M,"1,125.04","1,134.92",0.88%,"1,135.79",0.96%,"1,214.90","3,181",פקיעה ראשונה,פקיעה ראשונה